Date,AGG,TLT,IEF,LQD,XLB,XLE,XLF,XLI,XLK,XLP,XLU,XLV,XLY,EFA,EWJ,EWW,EWY,EZU
9/18/2017,109.860001,126.129997,107.269997,120.900002,56.380001,66.120003,25.059999,69.779999,58.790001,55.299999,54.189999,82.57,89.32,68.150002,55.25,55.91,69.839996,43.080002
9/19/2017,109.800003,125.82,107.150002,120.970001,56.669998,66.389999,25.25,69.849998,59.049999,55.130001,54.080002,81.919998,89.239998,68.470001,55.57,55.650002,70.07,43.290001
9/20/2017,109.709999,125.910004,106.940002,120.82,56.869999,66.839996,25.4,70.360001,58.810001,54.599998,53.68,82,89.540001,68.32,55.59,55.860001,69.699997,43.080002
9/21/2017,109.690002,125.839996,106.800003,120.82,56.75,66.860001,25.459999,70.57,58.490002,54.080002,53.669998,81.580002,89.389999,68.18,55.369999,55.73,69.690002,43.110001
9/22/2017,109.769997,126.199997,106.989998,120.980003,56.549999,67.199997,25.43,70.75,58.52,53.919998,53.23,81.580002,89.540001,68.389999,55.43,55.990002,69.330002,43.200001
9/25/2017,110.029999,126.989998,107.309998,121.43,56.650002,68.169998,25.4,70.75,57.830002,54.310001,53.720001,81.339996,89.349998,68,55.549999,55.59,68.879997,42.73
9/26/2017,109.989998,126.760002,107.220001,121.410004,56.400002,68.139999,25.389999,70.75,58.040001,54.439999,53.619999,81.209999,89.360001,67.849998,55.549999,55.41,68.699997,42.57
9/27/2017,109.669998,124.849998,106.669998,120.940002,56.400002,68.43,25.700001,70.830002,58.630001,54.02,52.900002,81.18,89.849998,67.900002,55.66,54.419998,68.150002,42.73
9/28/2017,109.68,124.480003,106.650002,121.120003,56.799999,68.489998,25.74,70.790001,58.700001,54.02,53.09,81.25,89.739998,68.080002,55.700001,54.439999,68.059998,42.900002
9/29/2017,109.589996,124.760002,106.519997,121.230003,56.799999,68.480003,25.860001,71,59.099998,53.98,53.049999,81.730003,90.080002,68.480003,55.709999,54.610001,69.059998,43.32
10/2/2017,109.43,124.279999,106.239998,121.019997,57.419998,68.459999,26.08,71.489998,59.189999,53.880001,53.139999,82.559998,90.25,68.419998,55.709999,54.669998,69.220001,43.189999
10/3/2017,109.519997,124.400002,106.389999,121.290001,57.66,68.389999,26.17,71.800003,59.330002,53.939999,52.990002,82.540001,90.629997,68.650002,56.040001,54.84,69.879997,43.32
10/4/2017,109.489998,124.410004,106.360001,121.220001,57.68,68.339996,26.049999,71.779999,59.290001,54.110001,53.52,82.940002,91.099998,68.519997,56.049999,54.639999,69.970001,43.099998
10/5/2017,109.440002,123.940002,106.25,121.050003,58.029999,68.650002,26.32,71.949997,59.860001,54.349998,53.470001,83,91.610001,68.480003,56.02,54,70.5,43.18
10/6/2017,109.279999,123.589996,106.120003,120.949997,57.900002,68.07,26.35,71.940002,59.950001,53.810001,53.43,82.889999,91.720001,68.43,55.990002,53.57,70.230003,43.18
10/9/2017,109.43,123.980003,106.239998,121.050003,57.889999,68.209999,26.25,71.739998,60.099998,53.66,53.5,82.370003,91.43,68.449997,56.060001,53.049999,70.18,43.16
10/10/2017,109.440002,124.18,106.279999,121.129997,57.93,68.269997,26.370001,71.849998,60.16,54.130001,54.02,82.559998,91.339996,69.099998,56.459999,52.59,71.07,43.549999
10/11/2017,109.459999,124.419998,106.400002,121.07,57.959999,68.43,26.32,71.809998,60.360001,54.240002,54.25,82.720001,91.389999,69.269997,56.75,52.93,71.779999,43.740002
10/12/2017,109.589996,124.949997,106.5,121.099998,58.07,68.18,26.120001,72.190002,60.209999,54.470001,54.529999,82.629997,90.779999,69.209999,56.68,52.439999,72.209999,43.610001
10/13/2017,109.860001,125.849998,106.860001,121.580002,58.349998,68.139999,26.129999,72.059998,60.5,54.57,54.150002,82.419998,91.220001,69.57,57.380001,52.119999,72.839996,43.599998
10/16/2017,109.75,125.760002,106.68,121.410004,58.310001,68.290001,26.299999,72.139999,60.720001,54.59,54.029999,82.059998,91.339996,69.519997,57.639999,51.48,72.360001,43.52
10/17/2017,109.709999,125.919998,106.639999,121.389999,58.16,68.330002,26.17,71.949997,60.720001,54.389999,54.349998,83.160004,91.389999,69.339996,57.580002,52.82,72.349998,43.459999
10/18/2017,109.540001,125.089996,106.370003,121.209999,58.02,67.849998,26.309999,71.980003,60.869999,54.32,54.25,83.279999,91.139999,69.540001,57.52,52.27,72.519997,43.669998
10/19/2017,109.620003,125.309998,106.480003,121.389999,58.240002,67.639999,26.33,72.18,60.689999,54.029999,54.82,83.790001,91.139999,69.43,57.389999,52.560001,72.029999,43.630001
10/20/2017,109.300003,123.980003,106.040001,121.059998,58.740002,67.769997,26.639999,72.959999,61.099998,53.900002,54.860001,83.879997,91.360001,69.339996,57.52,51.970001,72.580002,43.389999
10/23/2017,109.419998,124.199997,106.139999,121.18,58.630001,67.419998,26.620001,72.5,60.810001,53.860001,54.889999,83.669998,90.739998,69.190002,57.66,51.349998,72.360001,43.259998
10/24/2017,109.190002,123.43,105.82,120.879997,58.959999,67.550003,26.809999,72.910004,60.98,53.669998,54.939999,83.110001,90.959999,69.300003,58.139999,51.650002,72.720001,43.5
10/25/2017,109.120003,122.839996,105.650002,120.559998,58.650002,67.080002,26.65,72.190002,60.650002,53.52,54.700001,82.989998,90.610001,69.029999,57.669998,50.68,72.690002,43.459999
10/26/2017,109,122.43,105.510002,120.550003,59.43,67.220001,26.799999,72.290001,60.900002,53.560001,54.709999,82.160004,90.93,69.019997,57.98,50.23,72.349998,43.43
10/27/2017,109.239998,123.239998,105.849998,120.910004,59.119999,67.339996,26.780001,72.32,62.540001,53.099998,55.049999,82.139999,92.400002,69.18,58.419998,50.68,73.519997,43.34
10/30/2017,109.540001,124.419998,106.230003,121.309998,58.84,67.690002,26.67,71.82,62.68,52.650002,55.060001,81.260002,91.980003,69.339996,58.400002,50.150002,73.129997,43.599998
10/31/2017,109.470001,124.459999,106.160004,121.139999,59,67.910004,26.6,71.529999,62.950001,53.09,55.119999,81.110001,91.989998,69.629997,58.650002,50.330002,74.760002,43.830002
11/1/2017,109.290001,124.75,106.059998,121.010002,59.290001,68.68,26.639999,71.489998,62.959999,53.259998,54.810001,81.309998,92.019997,69.699997,58.98,50.080002,76.230003,43.939999
11/2/2017,109.349998,125.300003,106.199997,120.989998,58.860001,68.480003,26.889999,71.900002,62.990002,53.130001,55.009998,80.940002,91.330002,69.910004,59.049999,50.310001,75.870003,44.110001
11/3/2017,109.449997,125.639999,106.370003,121.129997,58.830002,68.68,26.780001,71.830002,63.490002,53.139999,55.209999,81.610001,91.699997,69.800003,59.189999,50.130001,75.790001,43.84
11/6/2017,109.550003,126.110001,106.5,121.160004,58.580002,70.25,26.75,71.870003,63.630001,52.57,55,81.360001,92.370003,69.900002,59.18,51.060001,75.919998,43.799999
11/7/2017,109.580002,126.639999,106.540001,121.059998,58.639999,70.160004,26.379999,71.980003,63.66,53.16,55.66,81.529999,91.82,69.639999,59.650002,50.75,74.980003,43.43
11/8/2017,109.510002,126.360001,106.410004,120.900002,58.700001,69.82,26.25,71.860001,64.010002,53.740002,55.700001,81.720001,91.919998,69.870003,60.02,50.66,75.779999,43.509998
11/9/2017,109.43,126,106.370003,120.580002,58.200001,70.029999,26.16,70.959999,63.5,53.73,55.77,81.730003,92.059998,69.470001,59.52,50.77,74.709999,43.18
11/10/2017,108.989998,124.099998,105.830002,119.889999,58.110001,69.660004,26.08,71.059998,63.5,54.279999,55.509998,81.199997,92.370003,69.279999,59.080002,49.75,74.410004,43.07
11/13/2017,108.989998,124.360001,105.779999,119.910004,58.41,69.260002,26.120001,70.82,63.48,54.59,56.169998,81.279999,92.68,68.989998,58.82,49.740002,74.230003,42.91
11/14/2017,109.099998,125.199997,105.93,119.940002,57.880001,68.139999,26.110001,70.629997,63.349998,54.779999,56.869999,80.949997,92.760002,68.940002,58.509998,49.400002,74.349998,43.099998
11/15/2017,109.309998,126.559998,106.309998,120.449997,57.529999,67.370003,26.18,70.230003,62.880001,54.200001,56.380001,80.720001,92.360001,68.610001,58.080002,49.16,74.800003,42.900002
11/16/2017,109.190002,125.459999,106.040001,120.309998,58.23,67.099998,26.190001,70.889999,63.759998,54.950001,56.200001,81.559998,93.129997,69.160004,58.98,49.779999,76.669998,43.220001
11/17/2017,109.309998,126.389999,106.18,120.459999,58.310001,67.43,26.16,70.5,63.349998,54.759998,55.810001,81.239998,93.540001,68.910004,58.689999,50.259998,76.220001,43
11/20/2017,109.25,126.339996,106.010002,120.459999,58.389999,67.269997,26.280001,70.82,63.59,54.700001,55.639999,80.900002,93.720001,69.059998,58.98,50,76.330002,42.970001
11/21/2017,109.360001,126.739998,106.029999,120.860001,58.700001,67.419998,26.360001,71.330002,64.260002,54.880001,55.790001,81.610001,94.300003,69.580002,59.52,51.029999,77.099998,43.220001
11/22/2017,109.550003,127.150002,106.370003,121.330002,58.540001,67.690002,26.23,71.410004,64.139999,54.810001,55.790001,81.580002,94.389999,69.769997,59.560001,51.43,77.410004,43.209999
11/24/2017,109.529999,126.800003,106.279999,121.190002,58.84,67.879997,26.219999,71.410004,64.5,54.77,55.880001,81.769997,94.629997,70.339996,60.049999,51.259998,77.400002,43.830002
11/27/2017,109.529999,126.620003,106.349998,121.120003,58.490002,67.190002,26.200001,71.529999,64.5,54.799999,56.119999,81.839996,94.699997,69.919998,59.790001,50.700001,75.510002,43.580002
11/28/2017,109.529999,126.790001,106.370003,121.290001,59.139999,67.709999,26.879999,72.620003,64.709999,55.25,56.380001,82.440002,95.75,70.32,59.970001,51,76.639999,43.740002
11/29/2017,109.260002,125.540001,106.029999,120.809998,59.23,68.080002,27.34,73.260002,63.279999,55.540001,56.41,82.849998,96.160004,70.040001,59.849998,51.18,76.120003,43.639999
11/30/2017,109.080002,125.120003,105.699997,120.669998,59.560001,69.099998,27.52,74.510002,63.84,56.049999,56.599998,83.470001,96.650002,70.110001,59.91,50.189999,75.150002,43.720001
12/1/2017,109.160004,126.550003,105.93,120.720001,59.07,69.68,27.58,73.589996,63.509998,56.189999,56.41,83.300003,96.610001,69.830002,59.639999,50.459999,75.07,43.419998
12/4/2017,109.150002,126.610001,105.879997,120.910004,59.68,69.650002,28,74.209999,62.490002,56.720001,56.09,82.279999,97.730003,69.580002,59.009998,50.360001,75.339996,43.490002
12/5/2017,109.260002,127.239998,105.959999,121.139999,59.380001,69.349998,27.85,73.580002,62.509998,56.630001,55.380001,82.139999,97.169998,69.43,59.16,50.360001,75.599998,43.389999
12/6/2017,109.370003,127.68,106.18,121.370003,59.029999,68.449997,27.75,73.690002,62.91,56.990002,55.59,82.07,96.540001,69.290001,58.939999,49.57,74.339996,43.310001
12/7/2017,109.230003,126.68,105.989998,121.129997,59.43,68.650002,27.84,74.370003,63.299999,56.439999,55.689999,82.089996,96.790001,69.470001,59.32,49.34,74.279999,43.48
12/8/2017,109.190002,126.690002,105.910004,120.980003,59.43,69.279999,28.01,74.690002,63.599998,56.59,55.869999,83.010002,97.25,69.839996,59.599998,50.029999,74.480003,43.709999
12/11/2017,109.150002,126.43,105.839996,121.07,59.509998,69.779999,27.940001,74.540001,64.150002,56.580002,56.209999,83.360001,97.459999,70.019997,59.799999,49.700001,74.650002,43.68
12/12/2017,109.099998,126.379997,105.75,120.980003,59.52,69.589996,28.219999,74.620003,64.129997,56.59,55.25,83.690002,97.5,70.110001,59.91,49.450001,74.360001,43.619999
12/13/2017,109.410004,127.330002,106.18,121.400002,59.68,69.489998,27.870001,74.910004,64.150002,56.91,55.400002,83.980003,97.580002,70.379997,60.150002,50.389999,75.559998,43.549999
12/14/2017,109.440002,127.870003,106.139999,121.620003,59.02,69.239998,27.690001,74.400002,64.07,56.66,55.330002,83.129997,97.879997,69.989998,59.869999,50.02,75.07,43.18
12/15/2017,109.470001,128.350006,106.120003,121.790001,59.080002,68.720001,27.809999,74.519997,64.559998,56.880001,55.02,83.709999,97.970001,69.970001,59.900002,50,75.089996,43.23
12/18/2017,109.330002,127.18,105.879997,121.43,59.950001,69.25,28.059999,75.050003,65.129997,56.849998,54.41,83.739998,98.849998,70.800003,60.619999,50.779999,75.489998,43.82
12/19/2017,109.010002,125.529999,105.400002,120.809998,59.880001,69.349998,27.940001,75.07,64.730003,56.919998,53.419998,83.639999,98.720001,69.800003,59.610001,49.490002,72.849998,43.650002
12/20/2017,108.760002,124.139999,105.089996,120.489998,59.900002,70.330002,27.889999,75.32,64.709999,56.82,53,83.370003,98.529999,69.68,59.689999,49.310001,73.099998,43.419998
12/21/2017,108.82,124.599998,105,120.559998,60.110001,71.82,28.129999,75.379997,64.580002,56.779999,52.369999,83.18,99.169998,69.93,59.73,48.709999,71.949997,43.509998
12/22/2017,108.870003,124.769997,105.040001,120.650002,60.34,71.970001,28.049999,75.400002,64.540001,56.869999,52.450001,82.910004,98.980003,70.110001,60.009998,48.16,72.57,43.490002
12/26/2017,108.959999,125.139999,105.080002,120.809998,60.290001,72.599998,27.969999,75.480003,64.110001,57,52.139999,82.93,99.199997,70.089996,60.040001,47.869999,72.300003,43.48
12/27/2017,109.300003,126.769997,105.529999,121.480003,60.369999,72.360001,28,75.660004,64.18,56.990002,52.360001,83.07,99,70.220001,59.959999,48.5,73.379997,43.490002
12/28/2017,109.220001,126.660004,105.400002,121.400002,60.639999,72.470001,28.110001,75.809998,64.290001,56.900002,52.650002,83.190002,99.269997,70.260002,59.82,48.57,74.790001,43.48
12/29/2017,109.330002,126.860001,105.57,121.559998,60.529999,72.260002,27.91,75.669998,63.950001,56.889999,52.68,82.68,98.690002,70.309998,59.93,49.290001,74.93,43.380001
1/2/2018,109.169998,125.489998,105.220001,120.75,61.389999,73.449997,27.92,76.120003,64.739998,56.540001,52.189999,83.610001,100.190002,70.830002,60.290001,50.380001,75.870003,43.599998
1/3/2018,109.18,126.089996,105.330002,120.970001,61.82,74.550003,28.07,76.529999,65.279999,56.52,51.779999,84.410004,100.650002,71.169998,61.119999,50.369999,76.540001,43.830002
1/4/2018,109.110001,126.07,105.279999,120.93,62.360001,75,28.33,77.089996,65.610001,56.68,51.349998,84.529999,100.980003,71.949997,61.869999,50.450001,75.989998,44.560001
1/5/2018,109.040001,125.709999,105.150002,120.889999,62.860001,74.970001,28.41,77.620003,66.300003,56.93,51.330002,85.25,101.779999,72.349998,62.040001,50.98,76.989998,45
1/8/2018,109.010002,125.629997,105.099998,120.879997,62.950001,75.419998,28.370001,77.940002,66.550003,57.07,51.810001,84.940002,101.900002,72.330002,62.400002,50.98,77.07,44.810001
1/9/2018,108.709999,123.949997,104.599998,120.440002,62.849998,75.230003,28.59,78.440002,66.379997,56.990002,51.299999,85.940002,102.099998,72.410004,62.439999,50.59,76.760002,44.939999
1/10/2018,108.709999,123.800003,104.57,120.519997,62.470001,75.139999,28.83,78.43,66.150002,56.709999,50.740002,85.790001,102.029999,72.269997,62.84,49.48,76.389999,44.75
1/11/2018,108.760002,124.309998,104.639999,120.809998,63.290001,76.68,28.969999,79.43,66.419998,56.630001,50.549999,86.160004,103.690002,72.769997,63.259998,49.700001,77.110001,45.060001
1/12/2018,108.739998,124.519997,104.57,120.830002,63.389999,77.419998,29.23,80.169998,66.809998,56.650002,50.259998,86.82,105.029999,73.5,63.459999,50.689999,77.900002,45.709999
1/16/2018,108.769997,125.040001,104.620003,120.940002,62.650002,76.440002,29.15,79.449997,66.550003,56.91,50.150002,87.25,104.279999,73.43,63.459999,51.669998,77.510002,45.810001
1/17/2018,108.650002,124.870003,104.389999,120.610001,62.939999,77.110001,29.370001,79.889999,67.550003,57.560001,50.459999,88.089996,104.779999,73.809998,63.970001,52.240002,77.870003,45.990002
1/18/2018,108.410004,123.709999,104.059998,120.139999,62.900002,76.480003,29.33,79.459999,67.669998,57.389999,50.139999,88.110001,104.690002,73.720001,63.43,52.619999,77.290001,46.07
1/19/2018,108.18,123.059998,103.790001,119.769997,63.279999,76.379997,29.540001,79.690002,67.800003,58.029999,49.990002,88.440002,105.599998,74.129997,63.830002,52.48,77.68,46.389999
1/22/2018,108.139999,123.18,103.75,119.660004,63.130001,78.029999,29.780001,79.690002,68.459999,58.470001,50.060001,89.019997,106.769997,74.510002,64.099998,52.549999,76.839996,46.720001
1/23/2018,108.400002,123.709999,104.050003,120.18,63.119999,77.910004,29.809999,79.730003,68.760002,58.279999,50.540001,88.589996,107.669998,74.75,64.489998,52.52,77.120003,46.82
1/24/2018,108.290001,123.040001,103.849998,120.099998,63.389999,77.699997,30.01,79.660004,68.230003,58.400002,50.23,88.849998,108.129997,74.879997,64.510002,53.919998,77.900002,46.830002
1/25/2018,108.57,124.050003,104.080002,120.709999,63.810001,77.089996,29.950001,79.739998,68.110001,58.43,51.009998,89.610001,107.940002,74.589996,64.199997,53.48,78.309998,46.720001
1/26/2018,108.370003,123.589996,103.769997,120.550003,64.089996,77.510002,30.17,80.660004,69.190002,58.709999,51.040001,91.540001,109,75.25,64.669998,54.07,79.040001,47.110001
1/29/2018,108.18,122.730003,103.510002,120.230003,63.360001,76.339996,30.049999,80.120003,68.559998,58.48,50.389999,91.290001,108.699997,74.559998,64.120003,53.32,78.629997,46.66
1/30/2018,108.010002,122.010002,103.269997,119.82,62.900002,74.800003,29.66,79.489998,67.940002,58.09,50.48,89.370003,108.160004,73.940002,63.299999,52.639999,77.660004,46.330002
1/31/2018,108.099998,122.730003,103.300003,120.07,62.950001,74.849998,29.74,79.730003,68.449997,57.82,51.040001,88.099998,107.809998,73.839996,62.939999,53.110001,78.239998,46.419998
2/1/2018,107.519997,120.699997,102.599998,119.220001,62.09,75.620003,30.02,79.589996,68.510002,57.57,50.240002,88.129997,106.610001,74.050003,63.25,54.060001,77.150002,46.540001
2/2/2018,107.199997,119.580002,102.220001,118.610001,60.459999,72.459999,29.360001,77.989998,66.480003,56.470001,49.880001,86.889999,105.589996,72.550003,62.32,52.880001,74.040001,45.369999
2/5/2018,107.629997,120.709999,103.059998,118.68,58.150002,69.419998,27.879999,74.449997,63.700001,54.419998,49.060001,83.040001,102.029999,69.510002,59.369999,50.68,71.849998,43.5
2/6/2018,107.32,119.959999,102.610001,118.440002,60.049999,69.970001,28.389999,75.809998,65.529999,55.02,48.330002,83.959999,104.639999,70.879997,60.810001,52.040001,74.660004,44.720001
2/7/2018,107.080002,118.82,102.309998,118.110001,59.509998,68.800003,28.41,75.949997,64.690002,54.779999,48.099998,83.860001,104.32,70.129997,60.27,51.040001,71.190002,43.900002
2/8/2018,106.900002,118.690002,102.400002,117.599998,57.419998,66.720001,27.16,73.019997,62.009998,53.599998,47.560001,80.949997,100.160004,68.300003,58.48,49.540001,68.93,42.66
2/9/2018,106.760002,117.940002,102.220001,117.220001,58.419998,66.669998,27.68,73.809998,63.529999,53.709999,48.560001,82.099998,100.830002,68.589996,59.07,50.34,70.57,42.84
2/12/2018,106.790001,118.459999,102.190002,117.220001,59.599998,67.760002,28.07,75,64.669998,54.259998,48.93,82.870003,102.199997,69.639999,60.220001,50.619999,71.5,43.509998
2/13/2018,106.82,118.989998,102.360001,117.18,59.450001,67.480003,28.190001,75.169998,64.830002,54.509998,49.150002,82.93,102.730003,69.43,59.48,50.75,71.760002,43.389999
2/14/2018,106.459999,117.669998,101.739998,116.75,60.25,68.459999,28.860001,76.120003,66.019997,54.48,48.599998,83.870003,104.370003,70.660004,60.380001,51.52,73.879997,44.23
2/15/2018,106.589996,118.07,101.769997,117.300003,60.700001,68.290001,29.02,77.269997,67.279999,55.380001,49.68,84.800003,105.300003,71.099998,60.669998,52.169998,75.529999,44.470001
2/16/2018,106.800003,118.709999,102.010002,117.650002,60.48,68.120003,28.98,77.290001,67.18,55.599998,50.119999,85.410004,104.790001,71.419998,61.599998,52.099998,75.739998,44.560001
2/20/2018,106.690002,118.190002,101.900002,117.150002,60.209999,67.75,28.889999,76.510002,67.239998,54.34,49.470001,84.470001,104.470001,70.75,61.099998,51.450001,72.940002,44.09
2/21/2018,106.349998,116.739998,101.599998,116.510002,60,66.610001,28.93,76.529999,66.809998,53.689999,48.82,84.120003,104.32,70.410004,60.490002,50.869999,72.75,43.91
2/22/2018,106.360001,117.089996,101.739998,116.669998,60.400002,67.339996,28.690001,77.040001,66.889999,53.830002,49.07,83.989998,104.449997,70.779999,60.77,51.889999,72.730003,44.130001
2/23/2018,106.629997,118.129997,102.129997,117.209999,61.290001,68.800003,29.120001,77.68,68.290001,54.349998,50.349998,85.330002,105.910004,71.339996,61.66,51.779999,74.279999,44.419998
2/26/2018,106.709999,118.169998,102.25,117.360001,61.560001,69.209999,29.559999,78.75,69.360001,54.689999,50.200001,86.410004,106.800003,72.010002,62.459999,51.639999,75.120003,44.700001
2/27/2018,106.480003,118,101.93,116.849998,60.709999,68.309998,29.280001,77.760002,68.660004,53.970001,49.400002,85.510002,104.540001,70.940002,61.610001,50.549999,73.059998,43.919998
2/28/2018,106.769997,118.75,102.169998,117.07,59.630001,66.739998,28.870001,76.650002,68.169998,53.41,49.060001,84.139999,104.07,70.269997,61.07,49.91,72.089996,43.639999
3/1/2018,106.629997,119.32,102.449997,116.620003,59.02,66.639999,28.370001,75.150002,67.040001,53.290001,49.07,82.800003,102.949997,69.089996,59.299999,50.169998,71.720001,43.139999
3/2/2018,106.459999,118.349998,102.07,116.25,58.959999,66.949997,28.440001,75.129997,67.68,53.740002,48.939999,83.639999,103.050003,69.419998,59.970001,50.110001,72.300003,43.209999
3/5/2018,106.400002,118.029999,101.940002,116.209999,59.740002,67.660004,28.84,76.029999,68.370003,54.209999,49.939999,84.400002,104.279999,69.790001,60.240002,50.27,71.949997,43.470001
3/6/2018,106.419998,118.139999,101.93,116.309998,60.400002,67.699997,28.959999,76.370003,68.519997,54.25,49.27,84.279999,105,70.199997,60.610001,50.619999,74.489998,43.77
3/7/2018,106.400002,118.010002,101.93,116.269997,60.18,67.190002,28.91,76.360001,68.900002,53.759998,48.900002,84.709999,104.290001,70.18,60.099998,50.490002,74.290001,44
3/8/2018,106.57,118.690002,102.139999,116.5,60.23,67.169998,29,76.760002,69.199997,54.25,49.259998,85.279999,104.620003,70.330002,60.470001,51.369999,74.050003,44.02
3/9/2018,106.370003,117.910004,101.919998,116.089996,61.32,68.449997,29.700001,78.449997,70.510002,54.599998,49.400002,86.510002,106.239998,70.779999,60.619999,51.869999,76.199997,44.189999
3/12/2018,106.43,118.589996,102.160004,116.239998,61.169998,68.43,29.6,77.480003,70.730003,54.5,49.610001,86.139999,106.589996,70.860001,60.68,52.060001,76.199997,44.299999
3/13/2018,106.57,119.190002,102.330002,116.25,60.919998,67.940002,29.27,77.099998,69.919998,54.459999,49.720001,86.25,105.839996,70.389999,60.580002,51.860001,75.790001,43.880001
3/14/2018,106.75,120.239998,102.529999,116.510002,60.169998,67.540001,28.940001,76.260002,69.860001,53.91,50.23,85.830002,105.709999,70.559998,60.84,51.599998,76.410004,44.009998
3/15/2018,106.760002,120.239998,102.489998,116.629997,59.380001,67.190002,28.950001,76.480003,69.900002,53.529999,50.200001,85.690002,105.599998,70.519997,60.959999,50.860001,76.150002,44
3/16/2018,106.699997,119.809998,102.370003,116.760002,59.150002,67.309998,28.870001,76.580002,69.610001,53.25,50.25,85.389999,105.18,70.470001,60.689999,50.43,76.279999,44.040001
3/19/2018,106.589996,119.43,102.269997,116.370003,58.299999,66.269997,28.66,75.989998,68.230003,52.73,49.939999,84.010002,103.870003,69.900002,59.66,49.82,74.849998,43.830002
3/20/2018,106.419998,118.949997,102.07,115.959999,58.240002,66.830002,28.73,76.25,68.199997,52.580002,49.709999,84.129997,104.489998,69.889999,60,50.02,75.849998,43.77
3/21/2018,106.410004,119.080002,102.139999,115.889999,58.900002,68.580002,28.719999,76.339996,67.790001,51.93,49.540001,83.769997,104.410004,70,60.080002,51.509998,76.489998,43.759998
3/22/2018,106.610001,120.260002,102.559998,116.089996,57.139999,67.18,27.66,73.82,66.040001,51.5,49.759998,81.360001,102.190002,68.699997,59.529999,50.759998,74.279999,42.82
3/23/2018,106.610001,120.169998,102.699997,115.720001,56.02,66.769997,26.82,72.739998,64.279999,50.860001,49.060001,79.669998,100.18,67.940002,58.279999,49.950001,71.830002,42.400002
3/26/2018,106.57,119.709999,102.419998,116.129997,57.169998,67.970001,27.690001,74.5,66.720001,51.59,49.57,81.32,103.139999,69.160004,59.110001,51.150002,74.43,43.259998
3/27/2018,106.879997,120.989998,103,116.550003,56.59,67.330002,27.15,73.470001,64.580002,51.560001,50.279999,80.360001,101.120003,68.650002,59.25,50.650002,72.970001,42.75
3/28/2018,106.940002,121.309998,102.980003,116.860001,55.869999,66.019997,27.200001,73.220001,64.150002,52.27,50.259998,80.790001,99.889999,69.050003,59.919998,50.23,73.839996,42.939999
3/29/2018,107.25,121.900002,103.190002,117.389999,56.939999,67.410004,27.57,74.290001,65.419998,52.630001,50.529999,81.400002,101.290001,69.68,60.68,51.52,75.449997,43.349998
4/2/2018,106.900002,121.879997,103.120003,116.989998,55.700001,66.059998,26.959999,72.760002,63.860001,51.34,50.139999,79.550003,98.43,68.720001,59.459999,50.150002,74.18,42.75
4/3/2018,106.779999,120.940002,102.790001,116.68,56.490002,67.470001,27.33,73.769997,64.489998,52.02,50.310001,80.760002,99.68,69.160004,60.209999,51.27,75.559998,43.110001
4/4/2018,106.82,120.690002,102.730003,116.68,56.860001,67.379997,27.620001,74.089996,65.389999,52.830002,50.419998,81.910004,101.510002,69.400002,60.27,52.619999,74.589996,43.23
4/5/2018,106.669998,119.790001,102.470001,116.720001,57.919998,68.589996,27.84,74.839996,65.660004,52.959999,50.82,81.849998,102.870003,69.860001,60.57,52.689999,74.730003,43.639999
4/6/2018,106.910004,121.099998,102.919998,117.07,56.509998,67.349998,27.17,72.769997,64.050003,52.419998,50.419998,79.879997,100.68,69.400002,59.619999,52.34,73.169998,43.5
4/9/2018,107,121.300003,102.940002,117.129997,56.82,67.669998,27.32,72.550003,64.550003,52.389999,50.52,80.669998,100.440002,69.970001,60.150002,52.200001,73.879997,43.849998
4/10/2018,106.919998,121.080002,102.760002,117.160004,57.990002,69.910004,27.73,73.660004,66.139999,52.509998,50.130001,82.029999,101.660004,70.720001,60.48,52.939999,74.699997,44.369999
4/11/2018,107.010002,121.510002,102.860001,117.239998,57.560001,70.639999,27.4,73.120003,65.75,52.41,50.060001,81.360001,101.349998,70.449997,60.330002,53.02,74.18,44.110001
4/12/2018,106.769997,120.620003,102.489998,116.919998,58.169998,70.629997,27.879999,74.169998,66.540001,52.330002,49.400002,81.910004,101.790001,70.720001,60.23,53.41,74.290001,44.349998
4/13/2018,106.800003,120.900002,102.580002,116.959999,58.110001,71.410004,27.459999,73.989998,66.32,52.59,49.790001,81.870003,101.220001,70.790001,60.23,53.869999,74.339996,44.459999
4/16/2018,106.82,120.940002,102.529999,116.970001,58.889999,72.139999,27.58,74.730003,66.830002,53.16,50.470001,82.519997,101.980003,70.900002,60.400002,53.75,74.620003,44.580002
4/17/2018,106.849998,121.269997,102.589996,116.980003,59.560001,72.419998,27.58,75.360001,68.07,53.279999,50.98,83.160004,103.879997,71.220001,60.630001,54.16,74.949997,44.970001
4/18/2018,106.550003,120.300003,102.190002,116.379997,59.990002,73.559998,27.450001,76.139999,67.889999,52.880001,50.790001,83.230003,104.370003,71.589996,61.040001,54.110001,75.830002,45.16
4/19/2018,106.290001,119.32,101.910004,115.940002,59.32,73.650002,27.870001,75.93,67.139999,51.349998,50.759998,82.529999,104.040001,71.32,60.810001,52.529999,75.389999,44.990002
4/20/2018,106,118.459999,101.57,115.470001,59,73.300003,27.879999,75.599998,66.209999,50.490002,50.299999,82.089996,102.980003,71.050003,60.689999,52.209999,74.519997,44.790001
4/23/2018,105.949997,118.489998,101.470001,115.419998,58.830002,73.75,27.85,75.510002,65.970001,50.43,50.330002,82.410004,103.199997,70.959999,60.610001,51.110001,74.120003,44.68
4/24/2018,105.809998,117.949997,101.349998,115.080002,57.240002,72.959999,27.67,73.400002,64.82,50.110001,50.669998,81.790001,101.57,70.669998,60.389999,50.959999,73.260002,44.459999
4/25/2018,105.669998,117.160004,101.129997,114.720001,57.549999,73.540001,27.65,73.610001,64.830002,50.200001,50.68,82.160004,101.989998,70.550003,60.580002,51.009998,73.300003,44.299999
4/26/2018,105.849998,117.980003,101.419998,115.059998,57.91,74.610001,27.66,73.339996,66.010002,50.5,51.189999,83.199997,103.639999,70.900002,60.950001,51.259998,75.199997,44.439999
4/27/2018,105.980003,118.889999,101.589996,115.32,57.759998,73.82,27.700001,73.190002,65.889999,50.77,51.709999,83.540001,104.110001,70.970001,60.779999,51.669998,76.089996,44.580002
4/30/2018,106,119.099998,101.699997,115.220001,57.009998,73.809998,27.450001,72.220001,65.459999,50.450001,51.560001,82.260002,103.699997,70.739998,60.639999,51.599998,75.599998,44.330002
5/1/2018,105.669998,118.410004,101.349998,114.580002,56.959999,73.360001,27.459999,71.889999,66.279999,50.009998,51.400002,82.220001,103.839996,70.489998,60.59,50.91,75.199997,44.200001
5/2/2018,105.669998,118.279999,101.370003,114.489998,56.830002,73.660004,27.15,71.260002,66.209999,49.029999,51.349998,81.089996,103.129997,70.459999,60.23,50.099998,74.32,44.310001
5/3/2018,105.790001,118.809998,101.629997,114.510002,57.09,73.489998,26.92,71.43,66.360001,48.98,51.279999,80.360001,102.669998,70.68,60.290001,49.380001,74.470001,44.419998
5/4/2018,105.860001,118.989998,101.639999,114.669998,57.799999,73.849998,27.27,72.260002,67.620003,49.689999,51.509998,81,104.019997,70.93,60.73,48.790001,74.32,44.540001
5/7/2018,105.809998,118.800003,101.589996,114.540001,57.779999,73.949997,27.450001,72.739998,68.089996,49.380001,51.240002,80.879997,104.370003,70.940002,60.799999,47.580002,73.470001,44.52
5/8/2018,105.690002,118.690002,101.419998,114.5,57.66,74.529999,27.639999,73.260002,68.239998,49.18,49.959999,80.269997,103.93,70.949997,60.990002,47.540001,73.349998,44.419998
5/9/2018,105.57,117.980003,101.190002,114.480003,58.490002,76.050003,28.049999,74.050003,69.080002,49.25,49.610001,80.730003,104.290001,71.120003,60.470001,47.299999,73.389999,44.459999
5/10/2018,105.809998,118.93,101.400002,115.059998,58.91,76.620003,28.280001,74.550003,69.980003,49.540001,50.310001,81.809998,104.669998,71.580002,60.82,48.560001,75,44.810001
5/11/2018,105.860001,119.230003,101.410004,115.260002,58.889999,76.730003,28.26,74.709999,69.879997,49.540001,50.380001,83.029999,104.889999,71.769997,61.279999,48.07,74.970001,44.84
5/14/2018,105.760002,118.599998,101.190002,115.050003,59.119999,77.260002,28.24,74.580002,69.870003,49.52,50.189999,83.580002,105.089996,71.900002,61.619999,47.389999,74.5,44.849998
5/15/2018,105.290001,117.25,100.629997,114.18,58.939999,77.279999,28.190001,74.330002,69.209999,49.330002,49.77,82.5,104.480003,71.379997,60.990002,46.959999,72.93,44.52
5/16/2018,105.169998,116.800003,100.419998,114.029999,59.639999,77.550003,28.24,74.599998,69.519997,49.68,49.380001,82.959999,105.349998,71.480003,61.169998,47.27,73.650002,44.389999
5/17/2018,105.029999,116.209999,100.360001,113.809998,59.779999,78.720001,28.18,74.889999,69.160004,49.849998,48.98,82.989998,105,71.589996,61.16,46.310001,73.110001,44.5
5/18/2018,105.300003,117.209999,100.75,114.279999,59.860001,78.110001,27.950001,75.330002,68.870003,49.540001,48.990002,83.199997,104.870003,71.330002,61.009998,45.549999,72.989998,44.299999
5/21/2018,105.309998,117.269997,100.82,114.349998,60.18,78.910004,28.15,76.470001,69.470001,49.75,49.240002,83.279999,105.449997,71.779999,61.080002,45.380001,73.419998,44.599998
5/22/2018,105.309998,117.089996,100.779999,114.230003,59.68,77.860001,28.34,75.529999,69.370003,49.66,49.419998,83.120003,104.980003,71.690002,60.939999,46.02,73.709999,44.630001
5/23/2018,105.599998,117.940002,101.239998,114.720001,59.540001,77.849998,28.16,75.459999,69.879997,49.84,49.869999,83.389999,105.739998,70.900002,60.700001,46.720001,74.440002,43.959999
5/24/2018,105.889999,118.879997,101.5,115.040001,59.330002,76.57,27.940001,75.830002,69.800003,49.799999,50.279999,83.059998,105.970001,70.68,60.330002,46.07,73.480003,43.830002
5/25/2018,106.120003,119.620003,101.900002,115.379997,59.009998,74.580002,27.85,75.690002,69.75,49.880001,50.5,82.940002,106.129997,70.220001,60.130001,46,74.120003,43.43
5/29/2018,106.82,122.239998,103,115.989998,57.990002,74.349998,26.92,74.480003,69.370003,49.77,50.5,82.089996,105.309998,68.790001,59.73,44.709999,72.669998,41.950001
5/30/2018,106.550003,121.419998,102.559998,115.540001,58.669998,76.599998,27.41,75.529999,69.879997,50.470001,50.91,83.32,106.269997,69.839996,60.150002,45.16,72.519997,42.84
5/31/2018,106.459999,121.220001,102.510002,115.489998,58.18,76.019997,27.18,74.440002,69.900002,49.66,50.990002,82.410004,105.760002,69.400002,59.740002,44.68,72.139999,42.740002
6/1/2018,106.080002,120.300003,101.93,114.910004,59.07,76.379997,27.48,75.260002,71.089996,49.66,50.209999,83.360001,106.540001,70,60.150002,44.98,73.480003,43.02
6/4/2018,105.830002,119.43,101.57,114.650002,59.41,75.720001,27.57,75.150002,71.660004,50.07,49.810001,83.669998,107.730003,70.209999,60.509998,44.970001,73.779999,43.240002
6/5/2018,105.910004,119.709999,101.830002,114.730003,59.860001,75.540001,27.450001,75.239998,71.910004,49.84,49.549999,83.5,108.360001,70.099998,60.400002,43.779999,73.269997,43.200001
6/6/2018,105.669998,118.739998,101.419998,114.309998,60.970001,75.900002,27.950001,75.870003,72.379997,49.900002,48.369999,84.440002,109.370003,70.730003,60.66,44.209999,74.5,43.709999
6/7/2018,105.900002,119.889999,101.849998,114.690002,60.66,77.050003,28.040001,76.190002,71.800003,50.209999,48.709999,84.550003,109.690002,70.330002,60.66,43.860001,74.010002,43.32
6/8/2018,105.75,119.529999,101.709999,114.5,60.830002,76.900002,28.08,76.440002,71.68,50.830002,48.689999,85.040001,109.919998,70.410004,60.84,44.919998,73.470001,43.389999
6/11/2018,105.639999,119.309998,101.610001,114.389999,60.919998,77.300003,28.02,76.589996,71.760002,51.25,48.59,85.199997,110.360001,70.860001,61.029999,44.630001,73.800003,43.849998
6/12/2018,105.669998,119.339996,101.550003,114.400002,61,76.709999,27.950001,76.510002,72.110001,51.349998,49.150002,85.150002,110.889999,70.410004,60.650002,44.77,73.099998,43.560001
6/13/2018,105.57,119.279999,101.43,114.290001,60.34,76.419998,27.85,75.900002,71.739998,51.189999,49.02,85.169998,111.059998,70.510002,60.700001,44.669998,72.669998,43.73
6/14/2018,105.839996,120.269997,101.75,114.809998,60.43,76.309998,27.59,75.610001,72.25,51.279999,49.630001,85.610001,112.220001,70.360001,60.639999,44.860001,71.730003,43.669998
6/15/2018,105.879997,120.379997,101.830002,114.650002,59.73,74.169998,27.469999,75.120003,71.720001,51.540001,49.540001,85.459999,112.110001,70,60.32,45.060001,70.199997,43.540001
6/18/2018,105.900002,120.269997,101.879997,114.529999,59.580002,74.910004,27.42,74.809998,71.800003,50.790001,49.700001,84.639999,111.919998,69.5,59.880001,45.169998,69.370003,43.060001
6/19/2018,106.010002,120.970001,102.150002,114.589996,58.490002,74.739998,27.35,73.230003,71.43,51.060001,50.189999,84.860001,111.779999,67.519997,58.790001,44.400002,67.870003,41.669998
6/20/2018,105.809998,119.910004,101.82,113.949997,58.299999,75.07,27.280001,73.279999,71.580002,51.110001,50.23,85.040001,112.309998,67.57,58.810001,45.09,68.370003,41.549999
6/21/2018,105.839996,120.540001,102.089996,113.860001,57.68,73.68,27.200001,72.360001,71.029999,51.209999,50.400002,84.550003,111.510002,67.089996,58.59,44.98,67.080002,41.119999
6/22/2018,105.940002,120.529999,102.110001,114,58.52,75.150002,27.07,72.610001,70.800003,51.630001,50.75,84.93,111.32,67.800003,58.880001,45.779999,68.080002,41.560001
6/25/2018,105.879997,120.800003,102.25,113.889999,57.610001,73.639999,26.780001,71.690002,69.330002,51.889999,51.59,84.150002,108.900002,66.860001,58.080002,46.130001,67.82,41.049999
6/26/2018,106.050003,120.970001,102.300003,114.269997,57.830002,74.57,26.690001,71.959999,69.610001,51.669998,51.650002,83.889999,109.68,66.980003,58.419998,46.200001,67.57,40.93
6/27/2018,106.239998,122.110001,102.690002,114.660004,57.650002,75.57,26.360001,71.379997,68.660004,51.560001,51.900002,83.18,108.260002,66.349998,58.029999,45.610001,66.790001,40.529999
6/28/2018,106.230003,122.139999,102.589996,114.510002,57.869999,75.470001,26.59,71.480003,69.5,51.560001,51.880001,83.290001,109.110001,66.599998,58.099998,46.919998,66.879997,40.549999
6/29/2018,106.32,121.720001,102.510002,114.57,58.07,75.940002,26.59,71.629997,69.470001,51.529999,51.959999,83.459999,109.300003,66.970001,57.91,47.139999,67.709999,41.009998
7/2/2018,105.989998,121.349998,102.25,114.239998,57.759998,74.82,26.719999,71.790001,70.089996,51.23,52.330002,83.720001,109.449997,66.360001,56.990002,45.950001,66.230003,40.799999
7/3/2018,106.209999,122,102.510002,114.660004,57.66,75.290001,26.48,71.559998,69.260002,51.349998,52.48,83.919998,108.900002,66.559998,56.919998,47.360001,65.739998,40.950001
7/5/2018,106.309998,122.349998,102.519997,115.019997,58.16,75.209999,26.540001,71.910004,70.239998,52.060001,52.759998,84.790001,109.440002,67.220001,56.830002,49.619999,65.589996,41.68
7/6/2018,106.419998,122.75,102.610001,115.18,58.450001,75.669998,26.67,72.160004,71.059998,52.220001,53.169998,86.010002,110.300003,67.580002,57.200001,50.43,66.160004,41.93
7/9/2018,106.32,121.959999,102.349998,115.260002,58.970001,76.800003,27.280001,73.5,71.599998,52.02,51.529999,86.639999,111.620003,68.230003,57.990002,50.41,67.120003,42.169998
7/10/2018,106.239998,121.949997,102.269997,115.129997,59.470001,77.370003,27.18,73.730003,71.769997,52.639999,52.02,86.970001,111.860001,68.199997,57.77,50.91,67.019997,42.290001
7/11/2018,106.279999,122.419998,102.480003,115.360001,58.470001,75.730003,27.049999,72.519997,71.489998,52.470001,52.490002,86.279999,111.599998,67.059998,56.970001,50.400002,65.660004,41.540001
7/12/2018,106.410004,122.410004,102.440002,115.610001,58.610001,75.860001,27.1,73.370003,72.620003,52.400002,52.529999,87.239998,112.339996,67.580002,57.029999,50.439999,65.910004,41.860001
7/13/2018,106.510002,122.720001,102.610001,115.699997,58.580002,76.260002,26.98,73.75,72.540001,52.740002,52.540001,87.400002,112.589996,67.790001,57.560001,50.25,66.199997,41.959999
7/16/2018,106.389999,122.209999,102.440002,115.510002,58.110001,75.379997,27.459999,73.449997,72.370003,52.490002,52.490002,86.870003,112.870003,67.760002,57.580002,50.5,66.169998,42.040001
7/17/2018,106.349998,121.980003,102.379997,115.43,58.869999,75.080002,27.49,73.739998,72.910004,52.939999,52.450001,87.349998,112.980003,67.879997,58.09,50.599998,66.510002,42.139999
7/18/2018,106.32,121.489998,102.300003,115.410004,58.32,75.129997,27.93,74.550003,72.790001,52.509998,52.18,87.419998,112.910004,67.889999,58,50.759998,66.190002,42.16
7/19/2018,106.480003,122.260002,102.580002,115.589996,58.529999,75.150002,27.51,74.519997,72.529999,52.540001,52.66,86.93,112.650002,67.75,58.009998,50.099998,65.260002,41.98
7/20/2018,106.269997,120.760002,102.220001,115.25,58.290001,74.889999,27.559999,74.440002,72.550003,52.860001,52.290001,86.760002,112.150002,68.07,58.189999,50.48,66.330002,42.080002
7/23/2018,105.900002,119.269997,101.720001,114.790001,57.970001,74.559998,27.940001,73.980003,72.919998,52.529999,51.919998,86.940002,112.029999,68.07,58.48,50.77,64.980003,42.02
7/24/2018,106.050003,119.68,101.790001,115.150002,58.720001,75.5,28.02,74.290001,73.32,52.630001,52.099998,87.730003,111.699997,68.470001,58.720001,51.220001,65.959999,42.209999
7/25/2018,106.059998,119.489998,101.720001,115.300003,59.18,76.129997,28.08,75.419998,74.239998,53.029999,52.25,88.849998,112.519997,68.980003,59.099998,51.880001,66.720001,42.59
7/26/2018,106,119.260002,101.610001,115.410004,59.52,76.959999,28.07,76,73.099998,53.310001,52.810001,88.599998,111.93,68.669998,59.25,51.73,66.269997,42.27
7/27/2018,106.080002,119.459999,101.769997,115.559998,59.299999,76.629997,28.129999,76.010002,71.849998,53.380001,52.639999,87.959999,111.639999,68.800003,59.43,51.869999,66.580002,42.41
7/30/2018,105.970001,119.050003,101.639999,115.400002,59.189999,77.260002,28.15,75.260002,70.730003,53.32,52.32,88.010002,110.75,68.790001,58.98,52.18,66.559998,42.490002
7/31/2018,106.059998,119.699997,101.779999,115.760002,59.73,77.120003,27.950001,76.919998,70.919998,53.57,52.790001,88.93,111.269997,68.879997,58.529999,51.98,67.260002,42.57
8/1/2018,105.699997,118.459999,101.339996,115.010002,59.119999,76.050003,27.950001,75.879997,71.559998,53.119999,52.450001,88.949997,110.720001,68.529999,58.91,51.720001,66.82,42.32
8/2/2018,105.739998,118.629997,101.459999,115.150002,58.73,75.629997,27.959999,75.779999,72.459999,53.66,52.709999,89.279999,111.480003,68.080002,58.580002,51.150002,65.360001,41.93
8/3/2018,105.970001,119.220001,101.720001,115.510002,59.290001,75.239998,28.120001,75.849998,72.720001,54.290001,53.299999,89.809998,111.860001,68.120003,58.57,51.889999,65.959999,41.98
8/6/2018,106.040001,119.290001,101.769997,115.620003,59.27,75.519997,28.27,75.959999,73.110001,54.34,53.34,89.970001,112.610001,67.830002,58.130001,51.919998,65.669998,41.790001
8/7/2018,105.849998,118.669998,101.559998,115.260002,59.470001,76.080002,28.4,76.5,73.389999,54.009998,53.259998,89.980003,113.129997,68.360001,58.619999,52.900002,66.800003,42.139999
8/8/2018,105.849998,118.790001,101.650002,115.080002,59.220001,75.529999,28.469999,76.160004,73.589996,53.599998,52.98,90.120003,113.25,68.300003,58.560001,52.740002,66.68,42.029999
8/9/2018,106,119.790001,101.93,115.169998,59.540001,74.830002,28.299999,75.739998,73.620003,53.439999,53.220001,90.019997,113.669998,68.099998,58.34,51.400002,66.400002,41.830002
8/10/2018,106.230003,120.660004,102.370003,115.360001,58.68,75.290001,27.969999,75.07,73.029999,53.240002,52.990002,89.629997,112.720001,66.739998,57.5,49.619999,64.709999,40.630001
8/13/2018,106.290001,120.410004,102.339996,115.330002,58.09,74.330002,27.700001,74.709999,72.93,53.240002,53.060001,89.660004,112.150002,66.5,57.16,49.549999,63.720001,40.5
8/14/2018,106.190002,120.139999,102.239998,115.480003,58.580002,74.510002,27.959999,75.230003,73.379997,53.610001,53.169998,90.080002,113.239998,66.489998,57.389999,50.689999,64.739998,40.490002
8/15/2018,106.339996,120.839996,102.489998,115.720001,57.650002,71.910004,27.74,74.870003,72.720001,53.830002,53.66,89.93,111.860001,65.529999,56.689999,49.209999,63.299999,39.689999
8/16/2018,106.400002,120.830002,102.459999,115.870003,58,72.43,28.110001,75.82,73.040001,54.599998,54.240002,90.809998,112.410004,65.989998,57,49.25,63.93,40
8/17/2018,106.459999,120.980003,102.5,115.970001,58.43,72.610001,28.17,76.279999,73.150002,55.02,54.52,91.089996,112.510002,66.379997,57.189999,49.810001,64.629997,40.259998
8/20/2018,106.669998,121.790001,102.82,116.269997,58.84,73.099998,28.26,76.790001,73.040001,54.990002,54.330002,91.389999,113.309998,66.739998,57.419998,50.02,64.650002,40.560001
8/21/2018,106.580002,121.379997,102.68,115.980003,59.07,73.470001,28.370001,77.360001,73.160004,54.599998,53.939999,91.389999,114.209999,67.150002,57.41,50.830002,65.870003,41.16
8/22/2018,106.669998,121.860001,102.870003,115.970001,58.77,74.349998,28.27,76.610001,73.379997,54.259998,53.540001,91.480003,114.330002,67.410004,57.650002,51.860001,66.019997,41.34
8/23/2018,106.610001,122.050003,102.860001,116.010002,58.369999,74,28.139999,76.389999,73.540001,54.130001,53.5,91.449997,114.220001,66.93,57.41,51.02,65.25,41.09
8/24/2018,106.730003,122.290001,102.889999,116.239998,59.130001,74.540001,28.24,76.720001,74.279999,54.060001,53.73,91.889999,114.889999,67.32,57.610001,51.189999,66.769997,41.529999
8/27/2018,106.589996,121.589996,102.660004,116.059998,59.939999,75.089996,28.620001,77.690002,74.959999,54.09,53.400002,92.220001,115.629997,68.220001,58.48,52.220001,67.459999,42.110001
8/28/2018,106.389999,120.860001,102.43,115.620003,59.709999,74.769997,28.59,77.529999,75.089996,53.91,53.290001,92.269997,115.860001,68.160004,58.299999,50.950001,67.389999,42.119999
8/29/2018,106.370003,121.019997,102.400002,115.5,60.16,75.230003,28.58,77.589996,75.769997,53.970001,53.68,92.870003,117.160004,68.529999,58.509998,51.59,67.43,42.259998
8/30/2018,106.419998,121.279999,102.589996,115.610001,59.450001,75.019997,28.360001,77.050003,75.540001,53.799999,53.700001,92.800003,116.489998,67.879997,58.099998,50.43,66.760002,41.77
8/31/2018,106.410004,121,102.610001,115.440002,59.27,74.440002,28.33,77.099998,75.599998,53.779999,53.470001,92.779999,116.949997,67.339996,58.220001,50.34,67.32,41.220001
9/4/2018,106.059998,120.029999,102.169998,114.879997,58.860001,74.279999,28.469999,77.040001,75.309998,53.709999,53.709999,92.040001,117.169998,66.769997,57.5,49.029999,66.760002,40.849998
9/5/2018,106.010002,119.709999,102.160004,114.809998,59.25,74.18,28.49,77.589996,74.370003,54.330002,54.459999,92.410004,115.910004,66.160004,56.889999,48.84,65.860001,40.450001
9/6/2018,106.190002,120.150002,102.370003,115.129997,59.369999,72.809998,28.360001,77.830002,73.830002,54.48,54.77,92.410004,115.589996,65.959999,57.02,49.330002,65.599998,40.25
9/7/2018,105.809998,119.129997,101.910004,114.650002,58.98,72.800003,28.33,77.589996,73.580002,54.369999,54.099998,92.550003,115.580002,65.43,56.669998,49.279999,64.900002,39.880001
9/10/2018,105.910004,119.57,101.970001,115.029999,59.049999,72.769997,28.299999,77.989998,73.809998,54.560001,54.369999,92.309998,116.010002,65.830002,56.799999,49.299999,65,40.330002
9/11/2018,105.730003,118.660004,101.599998,114.769997,59.169998,73.459999,28.33,77.970001,74.440002,54.360001,54.23,92.230003,116.940002,65.889999,56.919998,49.470001,65.400002,40.380001
9/12/2018,105.800003,118.940002,101.720001,115,59.200001,73.839996,28.07,78.209999,74.129997,54.990002,54.18,92.690002,117.160004,66.169998,57.029999,50.389999,65.610001,40.450001
9/13/2018,105.870003,119.120003,101.709999,115.239998,59.43,73.870003,28.030001,78.68,75,54.91,54.59,93.839996,117.360001,66.660004,57.470001,51.369999,66.239998,40.869999
9/14/2018,105.669998,118.550003,101.519997,115.099998,59.41,74.260002,28.23,79.07,74.940002,54.759998,54.299999,93.529999,116.919998,66.760002,58.119999,51.02,66.620003,40.75
9/17/2018,105.669998,118.550003,101.540001,115.029999,59.619999,74.379997,28.110001,79.099998,74,54.959999,54.48,93.190002,115.470001,66.82,58.150002,50.889999,65.629997,40.82
9/18/2018,105.440002,117.309998,101.120003,114.559998,59.68,74.870003,28.25,79.82,74.470001,54.73,54.380001,93.730003,116.940002,67.519997,59.540001,51.23,66.559998,41.09
9/19/2018,105.239998,116.610001,100.949997,114.389999,60.330002,75.099998,28.73,79.75,74.279999,54.630001,53.200001,93.599998,116.989998,67.760002,59.75,51.32,66.599998,41.220001
9/20/2018,105.379997,117.150002,100.959999,114.690002,60.98,75.120003,28.98,79.870003,75.160004,55.32,53.310001,94.510002,117.790001,68.599998,59.91,51.139999,67.650002,41.98
9/21/2018,105.459999,117.099998,101,114.709999,60.560001,75.099998,28.74,80,74.610001,55.02,53.060001,94.269997,116.919998,68.629997,60.040001,50.990002,67.879997,41.98
9/24/2018,105.360001,116.800003,100.889999,114.449997,59.709999,76.199997,28.42,78.629997,74.980003,54.18,52.59,94.459999,116.160004,68.32,59.77,50.5,67.470001,41.790001
9/25/2018,105.309998,116.68,100.790001,114.449997,59.400002,76.690002,28.309999,78.389999,74.889999,53.860001,51.869999,94.169998,116.650002,68.660004,60.220001,50.689999,67.849998,41.91
9/26/2018,105.559998,117.5,101.120003,114.860001,58.810001,75.949997,27.969999,78.339996,74.610001,53.919998,51.360001,94.379997,116.919998,68.690002,60.509998,51,67.919998,41.880001
9/27/2018,105.629997,117.580002,101.120003,115.010002,58.299999,75.949997,27.870001,78.449997,75.050003,53.849998,51.889999,94.860001,117.32,68.550003,60.349998,51.130001,68.519997,41.66
9/28/2018,105.519997,117.269997,101.169998,114.93,57.93,75.739998,27.58,78.400002,75.330002,53.93,52.650002,95.150002,117.220001,67.989998,60.23,51.23,68.269997,41.009998
10/1/2018,105.239998,116.150002,100.709999,114.419998,58.509998,76.790001,27.690001,79.089996,75.690002,53.889999,52.470001,95.620003,116.860001,68.07,60.639999,51.610001,67.949997,41.009998
10/2/2018,105.360001,116.860001,100.970001,114.519997,58.759998,76.870003,27.690001,79.269997,75.699997,54.200001,53.18,95.510002,115.279999,67.720001,60.5,50.830002,66.889999,40.740002
10/3/2018,104.860001,114.830002,100.220001,113.849998,58.34,77.489998,27.950001,79.599998,75.93,53.619999,52.540001,95.330002,114.889999,67.599998,59.970001,49.990002,66.150002,40.869999
10/4/2018,104.559998,114.019997,99.959999,113.379997,58.07,77.169998,28.139999,79.339996,74.559998,53.490002,52.82,94.400002,113.089996,66.809998,59.16,49.32,64.339996,40.349998
10/5/2018,104.330002,113.040001,99.720001,112.940002,57.639999,77.160004,28,78.93,73.620003,53.439999,53.630001,94.290001,112.239998,66.410004,59.169998,49.580002,64.370003,40.009998
10/8/2018,104.290001,112.660004,99.760002,112.82,57.610001,77.099998,28.190001,79.129997,72.790001,54.18,54.080002,94.25,112.529999,66.089996,59.43,49.330002,64.209999,39.650002
10/9/2018,104.440002,113.800003,99.949997,113.139999,55.700001,77.790001,28.08,77.910004,73.050003,54.060001,54.299999,94.410004,112.199997,65.919998,59.09,49.48,63.91,39.57
10/10/2018,104.410004,113.489998,100,112.830002,54.240002,75.349998,27.209999,75.400002,69.510002,53.41,54,92.18,108.419998,64.519997,57.639999,48.66,62.02,38.66
10/11/2018,104.720001,114.870003,100.410004,113.300003,53.610001,72.800003,26.4,73.410004,68.629997,52.09,53.009998,89.690002,106.510002,63.619999,56.599998,48.52,60.709999,38.32
10/12/2018,104.75,114.470001,100.290001,113.32,53.759998,73,26.43,73.900002,70.830002,52.380001,52.950001,91.07,108.480003,63.849998,56.73,48.709999,62.099998,38.369999
10/15/2018,104.68,114.419998,100.349998,113.110001,53.580002,72.389999,26.309999,74.040001,69.669998,52.700001,53.200001,90.440002,108.230003,63.700001,56.560001,49.07,61.419998,38.43
10/16/2018,104.739998,114.68,100.339996,113.400002,54.439999,72.989998,26.75,75.290001,71.769997,53.290001,53.75,92.919998,110.400002,64.790001,57.610001,49.790001,62.639999,39.189999
10/17/2018,104.529999,114,100.050003,112.839996,54.09,72.529999,27.02,74.739998,71.440002,53.540001,53.650002,93.410004,109.489998,64.419998,57.57,49.150002,62.25,38.75
10/18/2018,104.459999,113.959999,100.230003,112.839996,53.48,72.169998,26.57,73.449997,70.040001,53.470001,53.73,92.349998,107.389999,63.380001,56.529999,47.52,60.599998,37.98
10/19/2018,104.370003,113.709999,100.110001,112.699997,53.099998,71.529999,26.67,73.18,70.010002,54.689999,54.57,91.510002,106.339996,63.740002,56.650002,47.630001,61.459999,38.220001
10/22/2018,104.349998,113.559998,100.129997,112.559998,52.68,70.739998,26.1,72.93,70.589996,54.279999,54.220001,90.760002,106.769997,63.459999,56.299999,46.830002,61.540001,37.900002
10/23/2018,104.480003,113.919998,100.389999,112.720001,52.16,68.889999,25.889999,71.730003,70.32,54.52,53.919998,90.269997,106.790001,62.860001,55.650002,46.529999,60.43,37.610001
10/24/2018,104.75,114.779999,100.93,112.879997,50.509998,66.169998,25.24,69.300003,67.169998,54.75,55.23,87.290001,103.599998,61.080002,53.869999,45.259998,58.41,36.439999
10/25/2018,104.660004,114.300003,100.690002,112.739998,51.16,66.980003,25.629999,69.790001,69.480003,54.880001,54.369999,88.419998,106.730003,61.849998,54.669998,46.040001,59.34,37.040001
10/26/2018,104.900002,114.989998,101.139999,112.93,50.860001,66.480003,25.26,69.099998,68.089996,53.830002,53.369999,87.419998,103.410004,61.43,53.970001,45.880001,57.689999,36.889999
10/29/2018,104.790001,114.730003,101.129997,112.800003,50.740002,65.239998,25.48,67.949997,66.940002,54.450001,54.119999,87.639999,102.5,61.259998,53.470001,42.599998,56.849998,36.91
10/30/2018,104.639999,114.160004,100.910004,112.550003,51.900002,66.75,25.92,69.349998,67.690002,55.529999,54.330002,88.580002,104.040001,62,54.310001,42.439999,58.02,37.16
10/31/2018,104.589996,113.580002,100.660004,112.230003,52.610001,67.160004,26.280001,69.879997,69.300003,55.009998,53.689999,88.699997,105.379997,62.459999,54.84,42.080002,58.27,37.369999
11/1/2018,104.339996,113.410004,100.529999,112.199997,54.09,67.730003,26.4,71.110001,70.110001,55.400002,53.450001,89.82,107.529999,63.259998,54.709999,43.84,59.509998,37.959999
11/2/2018,104.029999,112,99.970001,111.75,53.959999,67.559998,26.379999,70.989998,68.739998,55.110001,53.150002,89.260002,107.970001,63.349998,55.02,44.18,60.779999,38.119999
11/5/2018,104.099998,112.440002,100.029999,111.949997,54.119999,68.690002,26.799999,71.360001,68.669998,55.799999,53.900002,90.050003,108.120003,63.349998,54.82,45.450001,60.509998,38.02
11/6/2018,104.110001,112.370003,99.919998,112.139999,55.009998,69.010002,26.940001,72.110001,69.099998,56.139999,54.259998,90.510002,108.599998,63.610001,55.439999,45.540001,61.049999,38.16
11/7/2018,104.199997,112.519997,99.919998,112.43,56,70.139999,27.290001,73.279999,71.129997,56.459999,54.880001,93.169998,111.540001,64.459999,56.02,45.700001,61.950001,38.650002
11/8/2018,104.010002,112.510002,99.779999,112.099998,55.759998,68.620003,27.370001,73.160004,71.07,56.490002,54.790001,93.220001,111.57,63.830002,55.66,42.610001,60.700001,38.060001
11/9/2018,104.139999,113.349998,100.169998,112.18,54.98,68.5,27.120001,72.419998,69.839996,56.82,54.869999,92.949997,110.019997,63.41,55.099998,42.740002,59.389999,37.959999
11/12/2018,104.309998,114.089996,100.470001,112.169998,54.169998,67.080002,26.58,70.989998,67.379997,56.52,54.84,91.690002,107.809998,62.369999,54.349998,41.5,58.52,37.110001
11/13/2018,104.349998,114.019997,100.550003,112.019997,54.009998,65.540001,26.73,71.309998,67.459999,56.389999,55.07,91.050003,107.760002,62.639999,54.150002,40.580002,59.349998,37.43
11/14/2018,104.360001,114.089996,100.760002,111.720001,53.950001,65.43,26.370001,71.07,66.650002,56.009998,54.5,90.32,106.949997,62.689999,54.34,40.720001,59.119999,37.66
11/15/2018,104.489998,114.040001,100.830002,111.510002,54.689999,66.389999,26.76,72.010002,68.32,55.919998,54.049999,91.120003,106.790001,62.889999,54.66,40.240002,60.619999,37.740002
11/16/2018,104.660004,114.699997,101.139999,111.730003,55.240002,67.18,26.790001,71.989998,68.209999,56.060001,54.880001,92.040001,106.370003,62.959999,54.700001,41.380001,60.84,37.75
11/19/2018,104.650002,115.019997,101.290001,111.620003,54.450001,67.160004,26.780001,70.849998,65.610001,55.970001,55.119999,90.870003,103.769997,62.41,54.459999,41.18,59.950001,37.349998
11/20/2018,104.610001,115.059998,101.269997,111.349998,53.459999,64.959999,26.190001,69.379997,64.199997,55.040001,54.889999,90.019997,101.419998,61.330002,53.459999,40.299999,58.900002,36.57
11/21/2018,104.68,115.019997,101.25,111.589996,53.889999,65.980003,26.209999,69.870003,64.669998,54.599998,54.080002,89.510002,102.480003,62.189999,54.279999,40.360001,59.68,37.040001
11/23/2018,104.650002,115.139999,101.309998,111.639999,53.310001,63.91,26,69.730003,64.080002,54.790001,54.110001,89.639999,102.019997,61.779999,54.080002,39.720001,58.610001,36.740002
11/26/2018,104.629997,114.879997,101.230003,111.690002,53.919998,64.870003,26.530001,70.239998,65.529999,54.860001,54.43,90.510002,104.309998,62.709999,54.810001,37.759998,60.23,37.32
11/27/2018,104.660004,115.010002,101.330002,111.550003,53.259998,64.690002,26.549999,70.120003,65.660004,55.349998,54.84,91.449997,104.620003,62.470001,54.759998,38.389999,60.560001,37.139999
11/28/2018,104.860001,114.449997,101.32,111.849998,54.080002,65.800003,27.059999,71.800003,67.959999,55.810001,54.799999,93.650002,107.709999,63.360001,55.48,40.099998,61.860001,37.66
11/29/2018,104.910004,114.900002,101.580002,111.529999,54.470001,66.230003,26.83,71.839996,67.300003,55.900002,54.779999,93.959999,107.209999,63.040001,55.290001,40.740002,61.240002,37.509998
11/30/2018,104.879997,115.330002,101.779999,111.459999,54.610001,66.110001,26.969999,72.540001,67.940002,56.259998,55.59,95.870003,107.989998,62.77,55.34,40.330002,60.619999,37.240002
12/3/2018,104.800003,115.879997,101.790001,111.519997,55.57,67.580002,27.139999,73.379997,69.440002,56.310001,56.150002,95.410004,110.010002,63.599998,56.09,40.57,62.299999,37.709999
12/4/2018,105.080002,117.82,102.260002,111.540001,53.919998,65.639999,25.959999,70.260002,66.809998,55.360001,56.189999,93.279999,106.050003,61.950001,54.02,39.889999,60.759998,36.720001
12/6/2018,105.339996,118.190002,102.519997,111.879997,53.189999,64.43,25.6,69.870003,66.959999,55.419998,56.25,92.93,106.559998,61.369999,53.939999,40.619999,60.290001,36.290001
12/7/2018,105.480003,118.410004,102.82,111.889999,51.91,64.07,25.110001,68.029999,64.599998,54.720001,56.459999,90.559998,103.370003,60.75,53.540001,40.599998,58.98,35.849998
12/10/2018,105.550003,118.900002,102.879997,112.230003,52.049999,63.07,24.76,68.199997,65.489998,54.720001,56.57,90.910004,103.449997,60.279999,53.130001,40.169998,59.040001,35.610001
12/11/2018,105.580002,118.879997,102.620003,112.43,51.880001,63.09,24.52,67.800003,65.57,55.169998,56.799999,91.190002,103.489998,60.470001,53.09,40.080002,58.950001,35.73
12/12/2018,105.5,118.349998,102.339996,112.550003,52.330002,63.34,24.66,68.18,66.080002,55.099998,56.439999,91.970001,104.580002,61.360001,53.73,40.68,59.970001,36.400002
12/13/2018,105.529999,118.07,102.400002,112.849998,51.720001,63.540001,24.48,67.989998,66.190002,55.439999,56.93,92.059998,104.059998,61.25,53.57,40.360001,59.830002,36.34
12/14/2018,105.559998,118.480003,102.559998,112.730003,51.32,62.09,24.24,67.050003,64.57,54.5,56.82,88.959999,102.330002,60.459999,52.959999,40.27,58.720001,35.799999
12/17/2018,105.739998,119.169998,102.860001,112.849998,50.439999,60.959999,24,65.949997,63.200001,53.240002,54.990002,87.190002,99.730003,59.98,52.540001,39.66,58.389999,35.52
12/18/2018,105.839996,119.599998,102.900002,112.900002,50.720001,59.52,23.91,66.279999,63.700001,52.610001,54.619999,86.43,100.510002,59.389999,52.279999,39.990002,58.41,35.41
12/19/2018,105.940002,121.18,103.260002,112.809998,50.029999,58.82,23.610001,65.029999,62.439999,52.099998,54.529999,85.300003,98.519997,58.82,51.509998,40.119999,57.740002,35.130001
12/20/2018,105.839996,120.739998,103.129997,112.440002,49.360001,57.189999,23.4,63.84,61.32,51.169998,54.5,84.099998,96.309998,58.580002,51.240002,41,58.25,34.939999
12/21/2018,105.790001,120.720001,103.220001,112.330002,48.599998,56.110001,22.790001,62.25,59.200001,50.18,53.810001,82.68,93.760002,57.560001,49.66,40.419998,57.939999,34.450001
12/24/2018,105.860001,121.32,103.480003,112.07,47.34,53.84,22.309999,60.34,57.619999,48.73,51.560001,80.699997,91.980003,56.889999,49.119999,40.599998,57.490002,33.849998
12/26/2018,105.660004,120.019997,102.989998,111.980003,49.459999,57.189999,23.32,63.150002,61.099998,50.09,52.259998,84.220001,97.43,58.209999,50.049999,41,58.560001,34.779999
12/27/2018,105.830002,120.040001,103.25,111.980003,50.369999,57.490002,23.6,63.939999,61.540001,50.57,52.700001,85.150002,97.949997,58.380001,50.720001,41.040001,58.68,34.77
12/28/2018,106.220001,121.050003,103.809998,112.510002,50.099998,57.049999,23.59,63.77,61.400002,50.57,52.830002,85.25,97.959999,58.689999,50.779999,41.139999,59.169998,34.900002
12/31/2018,106.489998,121.510002,104.199997,112.82,50.52,57.349998,23.82,64.410004,61.98,50.779999,52.919998,86.510002,99.010002,58.779999,50.689999,41.18,58.860001,35.060001
1/2/2019,106.57,122.150002,104.419998,113.169998,50.779999,58.48,24.02,64.739998,62.02,50.48,52.009998,85.199997,99.760002,58.66,51.040001,42.32,58.07,34.889999
1/3/2019,107.010002,123.540001,105.25,113.220001,49.34,57.900002,23.48,62.77,58.889999,50.189999,52,83.470001,97.599998,58.130001,50.75,41.790001,56.82,34.490002
1/4/2019,106.690002,122.110001,104.400002,113.150002,51.279999,59.869999,24.26,65.150002,61.5,51.259998,52.77,85.959999,100.830002,59.91,52.470001,42.650002,58.619999,35.560001
1/7/2019,106.510002,121.75,104.110001,113.160004,51.459999,60.759998,24.290001,65.68,62.049999,51.189999,52.41,86.290001,103.110001,60.139999,52.599998,43.150002,58.84,35.73
1/8/2019,106.43,121.43,103.849998,113.410004,52,61.23,24.309999,66.580002,62.57,51.66,53.060001,86.959999,104.25,60.529999,52.849998,43.860001,58.18,35.98
1/9/2019,106.519997,121.239998,103.910004,113.839996,52.02,62.200001,24.43,67.029999,63.380001,51.18,52.740002,87.349998,104.779999,61.209999,53.139999,44.349998,59.66,36.490002
1/10/2019,106.400002,120.459999,103.860001,113.540001,52.48,62.380001,24.440001,67.940002,63.66,51.48,53.43,87.519997,104.480003,61.450001,53.459999,44.450001,59.900002,36.470001
1/11/2019,106.550003,120.93,104.169998,113.75,52.27,62.009998,24.5,67.870003,63.540001,51.630001,53.23,87.809998,104.580002,61.029999,52.84,44.259998,59.849998,36.18
1/14/2019,106.400002,120.480003,104.110001,113.449997,51.869999,61.860001,24.67,67.860001,62.950001,51.380001,52.029999,86.839996,103.940002,60.75,52.650002,44.470001,59.169998,36.060001
1/15/2019,106.419998,120.040001,104.010002,113.519997,51.529999,62.080002,24.889999,67.650002,63.900002,51.889999,52.669998,88.400002,104.879997,61.07,53.290001,44.720001,60.009998,36.060001
1/16/2019,106.510002,120.160004,103.949997,113.739998,51.73,62,25.42,67.720001,63.959999,51.610001,52.860001,88.239998,104.639999,61.240002,53.549999,45.209999,61.02,36.130001
1/17/2019,106.43,120.190002,103.760002,113.970001,52.639999,62.57,25.559999,68.879997,64.370003,51.830002,53.080002,89.019997,105.349998,61.459999,53.439999,45.09,61.130001,36.209999
1/18/2019,106.349998,119.559998,103.43,114.169998,53.509998,63.84,26,70.190002,65.349998,52.450001,53.139999,90.080002,106.809998,62.080002,54.150002,45.07,61.450001,36.720001
1/22/2019,106.440002,120.370003,103.790001,114.360001,52.77,62.450001,25.700001,68.739998,64.25,51.970001,53.240002,89.459999,105.209999,61.119999,53.18,44.34,60.130001,36.23
1/23/2019,106.550003,120.32,103.739998,114.650002,52.41,61.810001,25.73,68.839996,64.470001,52.59,53.779999,89.559998,105.419998,61.400002,53.029999,44.68,60.959999,36.509998
1/24/2019,106.730003,121.110001,104.07,114.949997,52.130001,62.139999,25.790001,69.190002,65.010002,51.939999,54.060001,88.809998,105.860001,61.470001,53.34,44.610001,61.689999,36.580002
1/25/2019,106.68,120.529999,103.830002,115.050003,53.119999,62.93,26,70.07,65.93,51.73,53.32,88.919998,107.029999,62.169998,53.919998,44.810001,63.459999,37.150002
1/28/2019,106.620003,120.410004,103.860001,115.029999,53.040001,62.299999,25.92,69.400002,65.050003,51.950001,53.07,87.910004,106.410004,61.830002,53.529999,44.610001,62.919998,37.049999
1/29/2019,106.900002,121.019997,104.160004,115.279999,53.59,62.490002,25.83,70.360001,64.349998,52.07,53.220001,88.339996,105.720001,61.970001,53.580002,44.810001,63.259998,37.150002
1/30/2019,107.139999,120.93,104.400002,115.809998,54.16,63.369999,25.98,71.459999,66.349998,52.419998,53.630001,89.550003,107.800003,62.650002,54.18,44.610001,65.160004,37.52
1/31/2019,107.459999,121.970001,104.879997,116.620003,53.349998,63.779999,25.940001,71.769997,66.279999,53.389999,54.759998,90.669998,108.779999,62.68,54.279999,45,64.720001,37.349998
2/1/2019,106.970001,120.959999,104.099998,115.989998,53.509998,64.889999,26.049999,71.879997,66.669998,53.220001,54.549999,90.75,107.190002,62.66,54.060001,44.849998,64.040001,37.380001
2/4/2019,106.879997,120.419998,103.870003,115.830002,53.419998,65.040001,26.16,72.809998,67.739998,53.560001,54.639999,90.489998,107.889999,62.889999,54.18,45.09,64.25,37.48
2/5/2019,107.110001,120.970001,104.050003,116.300003,53.810001,65.139999,26.09,73.440002,68.309998,53.57,54.75,90.360001,108.900002,63.380001,54.400002,45.580002,65.239998,37.84
2/6/2019,107.050003,121.029999,104.129997,116.080002,53.490002,64.660004,26.059999,73.459999,68.540001,53.580002,54.720001,90.769997,108.449997,63.060001,53.950001,45.23,64.639999,37.73
2/7/2019,107.099998,121.830002,104.470001,116.059998,52.75,63.23,25.799999,72.959999,67.599998,53.540001,55.439999,89.769997,107.559998,62.220001,53.200001,45,63.459999,36.970001
2/8/2019,107.339996,122.349998,104.610001,116.349998,52.700001,62.939999,25.67,73.07,67.989998,53.790001,55.68,89.940002,107.129997,62.02,52.73,44.43,62.669998,36.740002
2/11/2019,107.230003,121.870003,104.449997,116.089996,52.779999,63.240002,25.75,73.459999,67.959999,53.93,55.66,89.830002,107.32,61.959999,52.779999,43.93,62.75,36.740002
2/12/2019,107.25,121.559998,104.309998,116.25,53.959999,64.040001,26.129999,74.599998,68.860001,54.349998,55.790001,91.059998,108.970001,62.68,53.709999,43.98,63.52,37.240002
2/13/2019,107.059998,121.099998,104.050003,115.949997,54.029999,64.839996,26.200001,75.040001,68.949997,54.450001,55.630001,91.260002,109.709999,62.689999,53.84,42.630001,63.16,37.189999
2/14/2019,107.220001,121.790001,104.540001,116.080002,53.75,65.07,25.879999,74.690002,69.07,53.84,55.540001,91.470001,109.309998,62.709999,53.799999,43.360001,63.549999,37.080002
2/15/2019,107.300003,121.980003,104.440002,116.220001,54.48,66.120003,26.43,75.690002,69.620003,54.349998,55.709999,92.849998,110.059998,63.619999,54.490002,43.790001,63.41,37.790001
2/19/2019,107.360001,122.290001,104.620003,116.290001,54.82,66.32,26.469999,75.660004,69.639999,54.630001,56.040001,92.629997,110.510002,63.860001,54.580002,43.959999,63.650002,37.93
2/20/2019,107.370003,121.940002,104.599998,116.190002,55.759998,66.599998,26.639999,76.019997,69.720001,54.529999,56.290001,92.519997,110.730003,64.040001,54.639999,43.91,64.169998,38.119999
2/21/2019,107.129997,120.849998,104.290001,115.860001,55.540001,65.57,26.5,75.709999,69.75,54.689999,56.700001,91.709999,110.510002,63.91,54.560001,44.169998,63.869999,38.009998
2/22/2019,107.400002,121.57,104.599998,116.379997,55.779999,65.760002,26.459999,76.209999,70.639999,54.43,57.049999,92.550003,111.110001,64.120003,54.68,44.650002,64.480003,38.119999
2/25/2019,107.370003,121.209999,104.440002,116.339996,56.139999,65.870003,26.57,76.510002,70.980003,54.130001,56.68,92.68,110.739998,64.309998,54.990002,44.77,64.690002,38.209999
2/26/2019,107.489998,121.809998,104.75,116.519997,55.82,65.660004,26.49,76.300003,71.129997,54.16,56.610001,92.349998,110.889999,64.620003,55.18,44.509998,64.5,38.450001
2/27/2019,107.260002,120.43,104.379997,116.190002,55.73,65.910004,26.59,76.599998,71.059998,54.080002,56.68,91.919998,110.809998,64.360001,54.889999,44.09,64.349998,38.299999
2/28/2019,107.07,120.019997,104.110001,116.029999,55.049999,65.25,26.52,76.339996,70.860001,54.34,57.009998,91.650002,110.209999,64.269997,54.360001,43.560001,62.970001,38.52
3/1/2019,106.629997,118.660004,103.57,115.470001,54.98,66.449997,26.690001,76.410004,71.339996,54.240002,57.130001,92.949997,111.099998,64.620003,54.52,43.290001,63.049999,38.860001
3/4/2019,106.760002,119.589996,103.889999,115.730003,55.23,66.57,26.52,76.07,71.07,54.150002,57.23,91.690002,110.75,64.379997,54.349998,43.060001,62.549999,38.669998
3/5/2019,106.830002,119.839996,103.949997,115.769997,54.970001,66.349998,26.42,75.580002,70.860001,54.110001,57.16,91.639999,111.029999,64.440002,54.400002,42.860001,62.400002,38.639999
3/6/2019,106.989998,120.279999,104.239998,115.879997,55.09,65.510002,26.25,74.870003,70.489998,54.029999,57.16,90.300003,110.510002,64.279999,54.080002,42.349998,62.130001,38.560001
3/7/2019,107.290001,121.059998,104.589996,116.260002,54.639999,65.120003,25.98,74.419998,69.82,53.68,57.349998,89.589996,109.169998,63.459999,53.439999,41.77,61.09,37.880001
3/8/2019,107.43,121.57,104.739998,116.410004,54.73,63.900002,25.969999,74.269997,69.809998,53.709999,57.549999,89.400002,108.410004,63.470001,53.349998,41.970001,60.689999,37.98
3/11/2019,107.440002,121.209999,104.660004,116.540001,55.509998,64.900002,26.24,74.900002,71.309998,54.41,57.959999,90.419998,109.900002,64.019997,53.93,42.450001,61.290001,38.279999
3/12/2019,107.639999,122.059998,104.949997,116.860001,55.720001,65.32,26.299999,74.279999,71.730003,54.43,58.360001,91.080002,110.209999,63.98,54.060001,42.560001,61.639999,38.310001
3/13/2019,107.589996,121.830002,104.910004,116.669998,55.990002,65.980003,26.48,74.93,72.199997,54.740002,58.419998,92.059998,110.599998,64.529999,54.27,42.669998,61.240002,38.650002
3/14/2019,107.43,120.949997,104.760002,116.440002,55.57,66.050003,26.58,74.68,72.349998,54.689999,58.41,91.910004,110.269997,64.519997,53.689999,42.540001,60.849998,38.799999
3/15/2019,107.699997,121.75,105.089996,116.860001,55.400002,65.510002,26.629999,73.989998,72.989998,54.700001,58.189999,91.989998,110.599998,65.220001,54.310001,43.16,62.009998,39.27
3/18/2019,107.68,121.68,104.949997,116.800003,55.529999,66.419998,26.9,74.709999,73.300003,54.779999,57.970001,91.849998,111.669998,65.449997,54.459999,43.889999,62.189999,39.43
3/19/2019,107.620003,121.410004,104.879997,116.82,55.459999,66.239998,26.690001,74.440002,73.449997,54.740002,57.310001,92.580002,112.230003,65.580002,54.48,43.82,62.049999,39.650002
3/20/2019,108.059998,122.68,105.610001,117.610001,55.41,66.82,26.139999,73.93,73.25,54.509998,57.459999,91.940002,112.389999,65.610001,54.509998,44.939999,62.330002,39.630001
3/21/2019,108.080002,122.949997,105.559998,117.830002,56,67.290001,26.059999,74.639999,75.089996,55.150002,58.07,92.300003,113.93,65.57,54.869999,45.07,62.880001,39.48
3/22/2019,108.620003,124.860001,106.339996,118.550003,54.330002,65.470001,25.34,72.949997,73.32,55.080002,58.490002,90.620003,111.669998,64.309998,54.279999,43.299999,61.220001,38.330002
3/25/2019,108.82,125.059998,106.610001,118.790001,54.23,65.5,25.23,73.120003,73,55.189999,58.540001,90.57,112.330002,64.400002,54.310001,43.919998,61.25,38.360001
3/26/2019,108.839996,124.970001,106.519997,118.839996,54.560001,66.440002,25.530001,73.610001,73.400002,55.66,58.959999,91.190002,112.809998,64.720001,54.91,43.98,61.029999,38.459999
3/27/2019,109.07,126.120003,106.830002,119,54.490002,65.970001,25.42,73.690002,72.980003,55.470001,58.549999,90.43,112.580002,64.75,54.720001,43.490002,60.360001,38.549999
3/28/2019,109.080002,126.559998,106.839996,119.150002,55.02,66.220001,25.639999,74.230003,73.279999,55.740002,57.860001,90.660004,113.260002,64.589996,54.75,43.400002,60.68,38.360001
3/29/2019,109.07,126.440002,106.669998,119.059998,55.5,66.120003,25.709999,75.029999,74,56.110001,58.169998,91.75,113.849998,64.860001,54.720001,43.59,60.950001,38.599998
4/1/2019,108.309998,124.370003,105.720001,118.260002,56.330002,66.989998,26.34,76.580002,75.010002,55.919998,57.77,91.889999,115.099998,65.690002,55.41,44.580002,62.150002,39.110001
4/2/2019,108.43,124.599998,105.900002,118.419998,56.52,66.529999,26.32,76.550003,75.269997,55.459999,57.849998,91.68,115.080002,65.709999,55.029999,44.16,62,39.240002
4/3/2019,108.230003,123.519997,105.57,118.169998,57.259998,65.889999,26.4,76.32,75.879997,55.189999,57.759998,91.559998,115.889999,66.220001,55.360001,44.23,63.16,39.650002
4/4/2019,108.309998,123.870003,105.68,118.360001,57.84,66.440002,26.559999,76.790001,75.559998,55.400002,57.560001,91.370003,116.830002,66.080002,55.330002,44.919998,63.279999,39.639999
4/5/2019,108.389999,124.029999,105.730003,118.550003,57.82,67.610001,26.6,77.010002,75.919998,55.59,58.099998,92,117.519997,66.25,55.369999,46.040001,63.43,39.759998
4/8/2019,108.339996,123.589996,105.559998,118.379997,57.84,67.910004,26.629999,76.68,76.209999,55.82,57.689999,91.980003,117.940002,66.290001,55.240002,46.75,63.029999,39.759998
4/9/2019,108.400002,123.980003,105.75,118.629997,57.419998,67.080002,26.41,75.639999,75.849998,55.75,57.830002,91.739998,116.879997,65.870003,54.939999,46.57,63.02,39.5
4/10/2019,108.610001,124.279999,106,119.209999,57.389999,67.330002,26.49,75.620003,76.379997,55.91,57.650002,91.769997,117.440002,66.120003,54.950001,46.610001,63.490002,39.669998
4/11/2019,108.480003,123.550003,105.760002,119.089996,57.360001,67.379997,26.65,76.269997,76.279999,56.02,57.939999,90.639999,117.589996,65.980003,54.779999,46.34,63.07,39.75
4/12/2019,108.269997,122.669998,105.269997,119.019997,58.119999,67.559998,27.139999,77.279999,76.809998,56.200001,58.209999,89.809998,118.32,66.440002,55.060001,46.509998,63.950001,40.169998
4/15/2019,108.25,122.980003,105.410004,118.830002,57.849998,67.160004,26.969999,76.849998,76.779999,56.529999,58.200001,90.169998,118.559998,66.470001,55.049999,46.27,63.889999,40.189999
4/16/2019,108.059998,122.209999,105.050003,118.5,58.110001,67.599998,27.35,77.32,77.169998,56.540001,57.48,88.32,119.080002,66.519997,55.27,46.639999,64.160004,40.259998
4/17/2019,108.050003,122.260002,105.07,118.480003,57.75,67.510002,27.42,77.419998,77.599998,56.82,57.259998,85.779999,119.309998,66.709999,55.27,47.18,64.300003,40.540001
4/18/2019,108.190002,122.900002,105.32,118.580002,57.82,67.190002,27.34,78.309998,77.82,56.869999,57.290001,85.919998,119.269997,66.669998,55.349998,47.130001,63.290001,40.43
4/22/2019,108.059998,122.309998,105.169998,118.389999,57.43,68.610001,27.26,78.07,78,56.889999,57.240002,85.970001,118.82,66.559998,55.150002,47.07,62.98,40.509998
4/23/2019,108.25,122.57,105.360001,118.879997,57.689999,68.5,27.43,78.75,78.849998,56.709999,57.400002,87.330002,120.239998,66.690002,55.459999,46.639999,63.220001,40.41
4/24/2019,108.5,123.57,105.760002,119.279999,57.330002,67.300003,27.4,78.519997,78.879997,56.830002,57.77,87.230003,120.349998,66.230003,54.779999,46.16,61.59,40.09
4/25/2019,108.489998,123.389999,105.629997,119.220001,56.599998,67.089996,27.450001,76.940002,78.860001,56.470001,58.009998,88.129997,119.720001,66.18,54.900002,46.41,61.259998,39.98
4/26/2019,108.709999,123.809998,105.910004,119.639999,57.07,66.220001,27.700001,77.519997,78.559998,56.98,58.099998,89.010002,120.669998,66.449997,55.400002,46.52,61.130001,40.060001
4/29/2019,108.519997,123.019997,105.690002,119.169998,56.959999,66.160004,27.98,77.699997,78.580002,57.049999,57.759998,88.849998,120.25,66.720001,55.619999,46.220001,62.07,40.310001
4/30/2019,108.589996,123.650002,105.900002,119.220001,57.450001,66.110001,28.02,78.010002,78.709999,57.709999,58.709999,89.260002,120.07,66.760002,55.419998,46.150002,61.48,40.529999
5/1/2019,108.400002,123.900002,105.639999,118.830002,56.41,64.790001,27.790001,77.5,78.510002,57,58.110001,89.099998,118.610001,66.379997,55.23,45.689999,61,40.27
5/2/2019,108.160004,123.309998,105.339996,118.400002,56.119999,63.66,27.82,77.459999,78.099998,56.98,57.98,89.480003,118.699997,66.279999,55.25,45.450001,61.419998,40.080002
5/3/2019,108.339996,123.660004,105.480003,118.93,56.669998,64.25,28.07,78.400002,78.839996,57.41,58.299999,90.160004,120.099998,66.989998,55.959999,46,61.439999,40.43
5/6/2019,108.480003,124,105.75,119.089996,55.860001,64.309998,27.879999,77.650002,78.230003,57.32,57.98,90.620003,119.370003,66.230003,55.389999,45.700001,60.369999,39.98
5/7/2019,108.610001,124.949997,106.110001,119.080002,54.880001,63.75,27.42,76.080002,76.550003,56.75,57.799999,88.879997,117.559998,65.07,54.380001,44.959999,59.299999,39.18
5/8/2019,108.589996,124.410004,105.910004,118.68,54.830002,63.75,27.360001,76.080002,76.459999,56.740002,57.009998,89.07,117.599998,65.150002,54.049999,44.43,59.439999,39.41
5/9/2019,108.650002,124.919998,106.190002,118.790001,54.400002,63.75,27.299999,75.970001,75.940002,56.619999,56.939999,88.879997,117.120003,64.849998,53.700001,44.139999,57.560001,39.150002
5/10/2019,108.669998,124.75,106.120003,118.860001,55.139999,64.050003,27.48,76.269997,76.18,57.310001,57.959999,88.910004,117.290001,65.330002,54.07,44.59,57.75,39.43
5/13/2019,108.849998,125.730003,106.650002,118.93,53.900002,62.950001,26.68,74.099998,73.309998,56.77,58.580002,87.239998,113.800003,63.810001,52.849998,43.93,55.610001,38.439999
5/14/2019,108.940002,125.360001,106.550003,119.099998,54.360001,63.720001,26.889999,74.870003,74.489998,57.040001,58.189999,87.68,114.949997,64.449997,53.59,44.450001,56.470001,38.860001
5/15/2019,109.129997,126.129997,106.889999,119.43,54.220001,64.050003,26.790001,74.970001,75.300003,57.490002,58.09,87.940002,115.730003,64.68,53.669998,44.529999,56.759998,39.09
5/16/2019,109,125.709999,106.68,119.239998,54.98,64.400002,27.059999,75.660004,75.989998,57.939999,58.48,88.629997,116.800003,65.199997,53.889999,44.470001,55.970001,39.459999
5/17/2019,109.029999,125.989998,106.730003,119.25,54.650002,63.75,26.879999,74.82,75.379997,57.75,58.779999,88.440002,115.910004,64.769997,53.689999,44.23,55.27,39.209999
5/20/2019,108.879997,125.730003,106.550003,118.970001,53.869999,63.779999,26.91,74.629997,74.07,57.610001,58.860001,88.400002,115.089996,64.510002,53.400002,44.630001,55.07,38.84
5/21/2019,108.870003,125.529999,106.43,119.07,54.700001,64.519997,27.190001,75.510002,74.980003,57.490002,58.970001,89.230003,115.889999,64.940002,53.77,44.580002,55.779999,39.099998
5/22/2019,109.050003,126.25,106.75,119.220001,54.32,63.52,27.030001,74.889999,74.589996,57.75,59.41,89.739998,114.699997,64.68,53.330002,44.290001,55.889999,38.970001
5/23/2019,109.370003,127.669998,107.400002,119.480003,53.490002,61.389999,26.65,73.75,73.279999,57.73,59.919998,89.43,113.279999,64.089996,52.93,43.98,55.360001,38.470001
5/24/2019,109.410004,127.779999,107.370003,119.730003,53.790001,61.619999,26.860001,73.779999,73.300003,57.52,59.830002,89.559998,113.43,64.779999,53.75,43.799999,55.41,38.860001
5/28/2019,109.57,128.699997,107.839996,119.809998,53.25,60.98,26.549999,73.099998,73.089996,56.580002,58.849998,88.279999,112.68,64.150002,53.299999,43.299999,55.459999,38.5
5/29/2019,109.599998,129.089996,107.800003,119.860001,53.259998,60.59,26.5,72.769997,72.660004,56.169998,58.07,87.43,111.68,63.740002,53.049999,43.91,54.919998,38.110001
5/30/2019,109.889999,130.199997,108.190002,120.550003,53.349998,59.82,26.41,73.050003,73.110001,56.41,57.98,87.910004,112.410004,63.98,53.290001,44.540001,55.59,38.32
5/31/2019,110.400002,131.830002,108.910004,120.830002,52.75,58.77,26.01,72.050003,71.889999,55.610001,58.25,87.279999,110.940002,63.400002,52.720001,42.919998,55.57,37.919998
6/3/2019,110.400002,132.440002,109.220001,120.830002,54.41,59.52,26.18,72.540001,70.629997,56.310001,58.830002,87.489998,110.010002,63.77,53.029999,42.669998,56.619999,38.200001
6/4/2019,110.300003,130.929993,108.82,120.870003,55.939999,60.549999,26.889999,74.269997,72.989998,56.82,58.880001,88.940002,112.989998,64.5,53.639999,43.459999,57.02,38.84
6/5/2019,110.239998,130.190002,108.82,120.790001,56.349998,59.880001,27.059999,74.989998,73.940002,57.470001,60.139999,89.610001,113.550003,64.480003,53.669998,43.740002,56.450001,38.77
6/6/2019,110.220001,130.610001,108.800003,121.019997,57.02,60.990002,27.16,75.120003,74.800003,58.07,60.509998,90.07,114.129997,64.739998,53.73,43.41,56.450001,38.900002
6/7/2019,110.529999,131.740005,109.230003,121.559998,57.529999,61.27,27.120001,75.720001,76.190002,58.630001,60.060001,91.010002,115.779999,65.559998,54.380001,43.57,56.959999,39.459999
6/10/2019,110.239998,130.5,108.690002,121.120003,57.630001,61.450001,27.35,75.82,76.970001,58.650002,59.650002,91.279999,116.760002,65.739998,54.630001,44.860001,57.48,39.540001
6/11/2019,110.220001,130.580002,108.690002,121.230003,57.59,61.57,27.360001,75.169998,76.970001,58.84,59.290001,91.129997,117.209999,66.07,54.810001,45.099998,57.959999,39.82
6/12/2019,110.360001,130.679993,108.970001,121.410004,57.779999,60.700001,27.09,75.330002,76.540001,58.93,60.060001,91.57,117.18,65.580002,54.200001,44.919998,57.369999,39.490002
6/13/2019,110.599998,131.130005,109.239998,121.720001,58.119999,61.41,27.18,75.709999,76.769997,59.060001,60.18,91.459999,118.230003,65.639999,54.139999,44.669998,57.060001,39.509998
6/14/2019,110.57,131.460007,109.32,121.769997,57.869999,61.009998,27.24,75.410004,76.099998,59.09,60.810001,91.25,118.489998,65.160004,54,44.34,56.650002,39.18
6/17/2019,110.540001,131.690002,109.300003,121.830002,57.34,61.52,26.99,75.150002,76.160004,58.919998,60.639999,91.660004,118.540001,63.830002,53.669998,43.279999,56.889999,38.139999
6/18/2019,110.839996,132.350006,109.510002,122.639999,57.790001,62.369999,27.35,76.610001,77.540001,58.599998,60.389999,92.440002,119.440002,64.68,53.990002,43.66,58.290001,38.830002
6/19/2019,111.220001,132.539993,109.809998,123.419998,57.470001,62.299999,27.299999,76.550003,77.82,58.84,60.849998,93.269997,119.660004,65.080002,54.470001,44.029999,58.700001,39
6/20/2019,111.410004,132.889999,109.989998,124.089996,58.200001,63.68,27.42,77.830002,78.959999,59.360001,61.240002,93.68,120.489998,65.650002,55,44.57,59.630001,39.380001
6/21/2019,111.120003,131.429993,109.540001,123.639999,57.669998,63.560001,27.219999,77.080002,78.309998,58.720001,60.990002,93.730003,119.519997,65.370003,54.459999,44.07,59.360001,39.369999
6/24/2019,111.32,132.410004,109.919998,123.949997,57.889999,62.990002,27.110001,76.93,78.459999,58.869999,61.009998,93.239998,118.879997,65.510002,54.459999,44.080002,59.48,39.43
6/25/2019,111.339996,132.820007,110.089996,123.580002,57.919998,62.490002,27.02,76.349998,77.019997,58.84,60.639999,92.860001,117.739998,65.120003,54.220001,43.959999,59.209999,39.130001
6/26/2019,111.089996,131.970001,109.639999,123.330002,57.82,63.450001,26.969999,76.540001,77.849998,58,59.32,91.690002,118.120003,65.199997,54.139999,44.220001,59.759998,39.209999
6/27/2019,111.400002,132.899994,109.970001,124.050003,58.009998,62.98,27.209999,76.610001,78.050003,58.110001,59.400002,92.330002,118.860001,65.360001,54.360001,43.549999,60.110001,39.25
6/28/2019,111.349998,132.809998,110.019997,124.370003,58.5,63.709999,27.6,77.419998,78.040001,58.07,59.630001,92.639999,119.199997,65.730003,54.580002,43.380001,59.869999,39.560001
7/1/2019,111.18,132.240005,109.690002,124.25,58.950001,63.77,27.93,77.489998,79.279999,58.419998,59.48,93.099998,120.25,66.040001,55.360001,43.860001,59.639999,39.650002
7/2/2019,111.379997,133.259995,110.080002,124.589996,58.889999,62.75,27.860001,77.389999,79.489998,58.93,60.290001,93.599998,120.510002,66.230003,55.529999,43.889999,59.200001,39.669998
7/3/2019,111.559998,134.210007,110.290001,124.93,59.189999,63,28.08,77.82,80.099998,59.66,60.709999,94.400002,121.559998,66.68,55.689999,43.98,58.18,40.09
7/5/2019,111.089996,132.429993,109.589996,123.830002,58.919998,63.09,28.16,77.510002,79.949997,59.400002,60.68,93.75,121.699997,66.169998,55.450001,44.099998,57.799999,39.759998
7/8/2019,111.029999,132.610001,109.480003,123.660004,58.240002,63.18,28.02,76.870003,79.339996,59.48,60.77,93.050003,121.849998,65.790001,55.130001,44.540001,56.689999,39.509998
7/9/2019,111,132.559998,109.410004,123.400002,57.669998,63.23,28.07,76.699997,79.620003,59.130001,60.849998,93.139999,121.980003,65.510002,54.639999,43.16,56.48,39.389999
7/10/2019,111.080002,131.830002,109.470001,123.68,57.549999,64.040001,27.969999,76.519997,80.25,59.509998,60.990002,93.459999,122.419998,65.739998,54.970001,43.16,57.209999,39.5
7/11/2019,110.669998,130.070007,108.93,122.949997,57.799999,64.169998,28.129999,77.040001,80.550003,59.66,61.009998,93.480003,122.669998,65.720001,55.07,43.560001,57.459999,39.439999
7/12/2019,110.790001,130.220001,109.050003,123.07,58.369999,64.440002,28.32,78.389999,81.139999,59.830002,60.610001,92.440002,124.080002,65.800003,55.09,43.509998,57.610001,39.529999
7/15/2019,110.949997,130.970001,109.279999,123.279999,58.41,63.860001,28.16,78.07,81.410004,59.970001,60.849998,92.639999,124.480003,65.860001,55.130001,44.07,57.419998,39.599998
7/16/2019,110.830002,130.580002,109.040001,123.019997,58.549999,63.18,28.09,78.57,80.650002,59.990002,60.5,92.18,124.32,65.589996,54.720001,43.650002,57.48,39.540001
7/17/2019,111.120003,131.990005,109.550003,123.669998,58.029999,62.459999,27.85,76.889999,80.440002,59.919998,60.73,92.199997,123.129997,65.5,54.669998,43.259998,56.970001,39.349998
7/18/2019,111.300003,132,109.82,123.959999,58.279999,62.470001,28.059999,77.029999,81.040001,60.32,61.259998,92.720001,122.970001,65.699997,54.529999,42.830002,57.700001,39.450001
7/19/2019,111.169998,131.690002,109.620003,123.769997,58.41,62.759998,27.940001,77.449997,80.690002,59.939999,60.369999,91.760002,122.160004,65.510002,54.669998,42.459999,57.720001,39.130001
7/22/2019,111.309998,131.940002,109.669998,124.150002,58.259998,63.049999,28,77.510002,81.620003,59.59,60.240002,91.57,122.230003,65.580002,54.75,42.02,58.080002,39.299999
7/23/2019,111.199997,131.220001,109.489998,124.220001,59.459999,63.220001,28.290001,78.489998,82.07,60.02,59.860001,92.139999,123.059998,65.989998,55.189999,41.389999,58.080002,39.639999
7/24/2019,111.360001,131.789993,109.650002,124.57,59.419998,63.490002,28.58,78.830002,82.75,59.619999,59.91,92.190002,123.68,66.040001,55.259998,41.919998,57.779999,39.73
7/25/2019,111.190002,131.160004,109.459999,124.169998,58.990002,62.77,28.379999,78.669998,82.410004,59.700001,59.759998,91.739998,122.989998,65.370003,54.669998,41.720001,56.990002,39.34
7/26/2019,111.209999,131.470001,109.440002,124.339996,59.060001,62.450001,28.690001,78.5,82.589996,60.369999,59.98,92.07,123.550003,65.5,54.810001,41.490002,57.130001,39.419998
7/29/2019,111.260002,131.509995,109.540001,124.260002,58.860001,62.200001,28.469999,78.360001,82.540001,60.48,60.290001,92.449997,122.949997,65.639999,54.740002,42.169998,56.43,39.470001
7/30/2019,111.25,131.830002,109.589996,124.220001,59.25,62.900002,28.389999,78.699997,82.010002,60.66,59.830002,92.050003,122.120003,64.879997,54.389999,41.849998,56.330002,38.720001
7/31/2019,111.300003,132.889999,109.870003,124.330002,58.34,62.700001,28.25,77.82,80.769997,59.43,59.549999,91.139999,120.720001,64.449997,54.349998,41.27,55.400002,38.490002
8/1/2019,111.910004,135.259995,110.919998,124.989998,58.009998,61.279999,27.610001,76.309998,80.360001,59.220001,60.16,91.260002,119.080002,64.269997,54.34,40.75,54.689999,38.380001
8/2/2019,111.949997,136.509995,111.150002,125.120003,57.330002,60.400002,27.6,75.82,79.050003,59.23,60.150002,91.050003,118.099998,63.700001,54.060001,40.23,53.75,37.970001
8/5/2019,112.440002,138.869995,112.110001,125.209999,56.25,58.599998,26.68,73.720001,75.75,57.689999,59.290001,88.910004,114.93,62.110001,52.720001,39.16,51.450001,37.23
8/6/2019,112.739998,139.979996,112.290001,125.989998,56.32,58.529999,27.110001,74.830002,77.010002,58.209999,60.029999,90.059998,116.68,62.529999,53.389999,39.580002,51.830002,37.450001
8/7/2019,112.68,140.029999,112.290001,125.970001,57.099998,58.09,26.75,74.790001,77.489998,58.889999,60.18,90.089996,117.150002,62.77,53.759998,40.130001,51.91,37.669998
8/8/2019,112.790001,140.330002,112.300003,126.309998,58.189999,59.759998,27.26,76.059998,79.389999,59.650002,60.799999,91.290001,119.410004,63.380001,54.139999,40.560001,52.330002,37.959999
8/9/2019,112.639999,140.050003,112.129997,125.940002,57.73,59.099998,27.17,75.419998,78.489998,59.32,60.869999,91.400002,118.290001,62.939999,53.57,40.509998,52.139999,37.740002
8/12/2019,113.050003,142.970001,112.839996,126.730003,56.830002,58.400002,26.65,74.379997,77.459999,58.919998,60.75,90.510002,116.57,62.439999,53.060001,39.490002,51.549999,37.43
8/13/2019,112.889999,142.479996,112.440002,126.629997,57.439999,58.939999,26.98,75.269997,79.400002,59.59,60.790001,91.690002,118.489998,63.029999,53.66,39.610001,52.439999,37.779999
8/14/2019,113.239998,145.690002,113.190002,127,55.619999,56.630001,25.98,72.970001,76.959999,58.650002,60.290001,89.139999,114.779999,61.299999,52.360001,38.23,51.18,36.59
8/15/2019,113.760002,147.309998,113.910004,127.620003,55.639999,56.279999,26.110001,72.889999,76.82,59.529999,61.07,89.449997,114.589996,61.509998,52.860001,38.43,51.459999,36.540001
8/16/2019,113.669998,146.130005,113.610001,127.849998,56.619999,57.02,26.57,74.300003,78.279999,60.209999,61.380001,90.550003,115.889999,62.25,53.41,39.119999,52.200001,37.029999
8/19/2019,113.370003,144.039993,113.07,127.43,57.07,58.279999,26.84,75,79.470001,60.810001,61.77,91.419998,117.349998,62.630001,53.400002,38.82,52.119999,37.349998
8/20/2019,113.68,145.529999,113.57,128.169998,56.400002,57.790001,26.48,74.559998,79.07,60.150002,61.669998,90.639999,117.379997,62.419998,53.290001,39.07,52.77,37.169998
8/21/2019,113.620003,144.559998,113.269997,128.399994,56.689999,58.16,26.6,75.019997,80,60.310001,62.080002,91.309998,119.639999,62.860001,53.470001,39.73,53.43,37.66
8/22/2019,113.32,143.600006,113.019997,127.93,56.310001,57.900002,26.780001,75.129997,79.809998,60.630001,62.139999,90.860001,119.669998,62.740002,53.389999,39.330002,52.349998,37.540001
8/23/2019,113.779999,145.960007,113.779999,128.399994,54.950001,55.959999,26.1,73.120003,77.169998,59.619999,61.48,88.760002,116.489998,61.959999,52.790001,38.970001,51.669998,37.009998
8/26/2019,113.730003,145.369995,113.669998,128.410004,55.130001,56.200001,26.35,73.660004,78.239998,60.360001,62.189999,89.690002,117.639999,62.470001,53.560001,39.299999,51.779999,37.34
8/27/2019,114.089996,147.610001,114.160004,129.100006,55.169998,55.849998,26.190001,73.279999,78.120003,60.189999,62.299999,89.160004,117.059998,62.419998,53.389999,39.529999,51.900002,37.369999
8/28/2019,114.099998,147.800003,114.199997,129.100006,55.599998,56.650002,26.43,74.18,78.190002,60.77,62.130001,89.809998,118.519997,62.419998,53.369999,39.799999,52.389999,37.34
8/29/2019,114.029999,147.240005,113.980003,128.820007,56.310001,57.48,26.83,75.449997,79.550003,60.799999,62.560001,90.489998,120.300003,62.959999,53.75,40.619999,52.75,37.799999
8/30/2019,114.129997,147.279999,114.010002,128.800003,56.689999,57.48,26.92,75.760002,79.529999,60.720001,62.580002,90.599998,119.580002,63.209999,53.919998,41.509998,53.259998,37.91
9/3/2019,113.839996,147.210007,114.07,128.330002,56.240002,57.200001,26.639999,74.730003,78.559998,61.07,63.689999,90.07,119.089996,63.09,53.950001,40.959999,53.07,37.779999
9/4/2019,114.040001,147.429993,114.25,128.570007,56.93,58,26.9,75.68,79.900002,61.619999,63.75,90.129997,120.269997,63.98,54.25,41.860001,54.259998,38.389999
9/5/2019,113.550003,144.759995,113.330002,127.629997,57.02,58.720001,27.450001,77.040001,81.57,61.240002,63.060001,91.019997,122.57,64.32,54.639999,42.299999,55.130001,38.66
9/6/2019,113.669998,145.789993,113.400002,128.089996,57.240002,59.029999,27.440001,77.199997,81.5,61.439999,62.810001,91.269997,122.870003,64.529999,54.830002,42.700001,55.41,38.73
9/9/2019,113.190002,143.199997,112.699997,127.150002,56.939999,60.209999,27.860001,77.43,80.889999,61.299999,62.5,90.43,123.339996,64.720001,55.189999,42.580002,55.790001,38.869999
9/10/2019,112.580002,140.690002,111.879997,126.080002,57.5,60.919998,27.959999,78.139999,80.480003,60.919998,62.580002,90.690002,122.849998,64.830002,55.349998,42.490002,56.240002,38.950001
9/11/2019,112.599998,140.440002,111.769997,125.980003,58.049999,60.98,28.120001,78.870003,81.32,61.139999,63.200001,91.589996,123.080002,65.190002,55.84,42.689999,56.799999,39.060001
9/12/2019,112.419998,139.520004,111.519997,125.809998,58.5,60.599998,28.27,78.919998,81.760002,61.389999,63.34,91.559998,123.669998,65.57,56.209999,42.799999,57.439999,39.419998
9/13/2019,111.75,136.539993,110.5,124.68,59.139999,61.080002,28.49,79.349998,81.160004,61.040001,62.939999,91.510002,123.419998,65.940002,56.869999,43.150002,58.029999,39.52
9/16/2019,112.050003,138.279999,110.980003,125.309998,58.169998,63.130001,28.389999,79.279999,80.959999,60.450001,62.990002,91.309998,121.839996,65.349998,56.57,43.049999,56.98,39.049999
